shopping_id,cnpj,loja_nome,segmento,status_atual,last_time,data_inativacao,cupons,clientes,valor_total,shopping_sigla,participou,inativada_na_promo
1,92754738021755,Renner,Moda,ATIVO,2026-03-20 17:29:31,,79,71,25855.93,CS,True,False
1,59546515007490,Nike Unite,Moda,ATIVO,2026-04-01 12:25:48,,38,34,15539.01,CS,True,False
1,50628261000129,Live!,Moda Feminina,ATIVO,2026-01-28 15:03:32,,18,15,14543.54,CS,True,False
1,45242914028450,C&A,Moda,ATIVO,2026-03-20 14:23:51,,36,31,11524.83,CS,True,False
1,84453844017587,Vivara,Joalheria,ATIVO,2026-03-20 17:29:31,,5,5,11381.04,CS,True,False
1,26953173000118,Kopenhagen,Gastronomia,ATIVO,2026-03-20 15:05:00,,7,7,10620.93,CS,True,False
1,34912793000480,Empório Du Homem,Moda,ATIVO,2025-05-07 11:26:20,,13,10,9106.8,CS,True,False
1,33200056014107,Riachuelo,Moda,ATIVO,2026-03-20 17:29:31,,40,35,8974.82,CS,True,False
1,06347409027365,Centauro,Esportes,ATIVO,2026-03-20 14:23:31,,25,24,6837.06,CS,True,False
1,02314041005490,Decathlon,Esportes,ATIVO,2026-03-20 17:29:31,,32,28,6710.86,CS,True,False
1,78842440001821,Carioca Calçados,Calçados,ATIVO,2026-03-20 14:24:19,,14,14,5738.79,CS,True,False
1,30787430000913,Clifield,Moda,ATIVO,2026-01-28 14:18:27,,8,8,5357.45,CS,True,False
1,13801502000678,Hering Store,Moda,ATIVO,2024-12-12 00:21:55,,13,12,4898.59,CS,True,False
1,56025089000103,Hope,Moda,ATIVO,2026-03-20 11:56:33,,12,10,4641.0,CS,True,False
1,10872187000924,Ophicina,Moda,ATIVO,2025-05-13 19:15:48,,6,5,4276.66,CS,True,False
1,17574231006738,Youcom,Moda,ATIVO,2026-03-20 17:29:31,,7,7,4224.81,CS,True,False
1,54909876001903,Óticas Carol,Ótica,ATIVO,2026-03-20 17:29:12,,2,2,4194.8,CS,True,False
1,28672652000191,Maze Vale Comercio LTDA,Moda,ATIVO,2026-03-20 17:29:31,,8,7,4189.64,CS,True,False
1,56261957000146,Monviso,Ótica,ATIVO,2025-12-01 10:20:21,,1,1,3774.0,CS,True,False
1,00776574160781,Lojas Americanas,Eletrodomésticos,ATIVO,2026-01-28 15:04:34,,59,46,3733.81,CS,True,False
1,13783221006247,Madero,Gastronomia,ATIVO,2026-03-20 16:33:04,,21,16,3700.96,CS,True,False
1,15425654003583,Cotton On,Moda,ATIVO,2025-12-08 11:53:14,,10,8,3644.95,CS,True,False
1,50618046000147,Usaflex,Calçados,ATIVO,2026-03-20 17:29:31,,9,4,3575.92,CS,True,False
1,48205573000188,Arezzo,Calçados,ATIVO,2024-12-12 00:21:55,,4,4,3562.52,CS,True,False
1,37096024000104,Lez a Lez,Moda,ATIVO,2025-06-20 10:12:53,,2,2,3465.9,CS,True,False
1,62893370000152,Reserva,Moda,ATIVO,2025-12-01 10:20:42,,2,2,3242.0,CS,True,False
1,52606285000102,Tommy Hilfiger,Moda,ATIVO,2026-01-28 16:16:43,,4,4,3162.0,CS,True,False
1,92665611036368,Panvel Farmácias,Farmácias,ATIVO,2026-03-20 17:29:31,,42,38,3155.51,CS,True,False
1,79065181003371,Livrarias Catarinense,Livrarias,ATIVO,2026-03-20 15:08:34,,42,31,3131.17,CS,True,False
1,34438969000403,Arquipélago  Sushi,Gastronomia,ATIVO,2025-12-08 11:22:28,,8,7,3078.9,CS,True,False
1,26445944000590,Pop Me,Moda,ATIVO,2026-03-20 17:29:31,,8,7,3066.8,CS,True,False
1,55596009000107,Luz da Lua,Moda,ATIVO,2026-03-20 17:10:59,,3,3,2968.7,CS,True,False
1,47960950088460,Magazine Luiza,Eletrodomésticos,ATIVO,2026-03-20 16:33:20,,6,5,2689.32,CS,True,False
1,51383076000184,Bagaggio,Presentes e Acessórios,ATIVO,2024-12-12 00:21:55,,5,3,2678.8,CS,True,False
1,08718972001876,Leo Cosméticos,Beleza e Bem-estar,ATIVO,2026-03-16 12:00:25,,43,37,2677.35,CS,True,False
1,28030178000102,Constance,Calçados,ATIVO,2025-03-31 11:00:39,,7,7,2612.87,CS,True,False
1,53153938008788,Cobasi,Pets,ATIVO,2026-03-20 14:26:54,,16,16,2547.34,CS,True,False
1,01167639004701,Beagle,Moda,ATIVO,2026-03-20 11:57:15,,5,5,2518.67,CS,True,False
1,43283811014029,Kalunga,Papelaria,ATIVO,2026-03-20 15:03:48,,30,24,2428.98,CS,True,False
1,83729004012300,Damyller,Moda,ATIVO,2026-03-20 14:27:53,,5,4,2405.43,CS,True,False
1,60883735000132,Bom Beef,Gastronomia,ATIVO,2026-01-27 16:41:14,,27,15,2385.72,CS,True,False
1,11950487018137,Bacio di Latte,Gastronomia,ATIVO,2026-03-20 11:56:50,,49,41,2372.0,CS,True,False
1,49669856020845,John John,Moda,ATIVO,2026-03-20 15:03:33,,3,3,2212.0,CS,True,False
1,15048754009307,Studio Z,Calçados,ATIVO,2026-03-20 17:29:31,,10,9,2140.82,CS,True,False
1,46227794000202,IDéli oui,Beleza e Bem-estar,ATIVO,2026-03-20 15:02:40,,6,6,2124.7,CS,True,False
1,43970843000123,Companhia da Moda,Moda,ATIVO,2026-03-20 14:25:08,,3,3,2099.2,CS,True,False
1,09611669030859,FARM Rio,Moda,ATIVO,2025-05-07 10:02:22,,5,2,2047.17,CS,True,False
1,13393158003993,Me.Linda,Beleza e Bem-estar,ATIVO,2025-12-08 12:10:33,,12,11,2006.39,CS,True,False
1,34593611000102,Cartes - Cozinha do Mundo,Gastronomia,ATIVO,2024-12-12 00:21:55,,20,15,1974.61,CS,True,False
1,17261661015529,Outback Steakhouse,Gastronomia,ATIVO,2026-03-20 17:29:29,,9,9,1891.38,CS,True,False
1,01477466000650,McDonald's,Gastronomia,ATIVO,2026-03-20 16:36:19,,34,25,1714.9,CS,True,False
1,13341740000303,Vicio DiPrata,Joalheria,ATIVO,2026-01-28 16:19:17,,6,4,1694.64,CS,True,False
1,05116621000663,O Boticário,Beleza e Bem-estar,ATIVO,2026-03-20 17:27:35,,17,15,1599.67,CS,True,False
1,47293713000154,Natura,Beleza e Bem-estar,ATIVO,2026-03-20 17:26:24,,8,8,1517.48,CS,True,False
1,24548025000192,Spoleto,Gastronomia,ATIVO,2025-12-08 12:20:53,,24,20,1470.75,CS,True,False
1,46708841018449,Polo Wear,Moda,ATIVO,2026-01-28 15:35:03,,11,11,1448.82,CS,True,False
1,41219509000107,ADCOS,Beleza e Bem-estar,ATIVO,2026-03-05 09:58:28,,3,3,1431.7,CS,True,False
1,61099834076170,Pernambucanas,Moda,ATIVO,2026-03-20 17:29:31,,7,7,1378.8,CS,True,False
1,52874293000130,World Tennis,Calçados,ATIVO,2024-12-12 00:21:55,,2,2,1149.98,CS,True,False
1,58731662012632,Ri Happy Baby,Infantil,ATIVO,2026-03-20 17:29:31,,8,8,1133.8,CS,True,False
1,60854024000130,Mr. Cat,Calçados,ATIVO,2026-02-11 09:16:12,,2,2,1129.6,CS,True,False
1,11377588002671,Burger King,Gastronomia,ATIVO,2024-12-12 00:21:55,,16,13,1074.36,CS,True,False
1,00436042016920,Polishop,Eletrodomésticos,ATIVO,2026-03-20 17:29:31,,3,2,1050.9,CS,True,False
1,51734501000132,Swell Poke,Gastronomia,ATIVO,2026-01-28 16:11:41,,12,12,1011.9,CS,True,False
1,17006049000154,Gamelas & Panella's,Gastronomia,ATIVO,2026-03-20 15:00:38,,17,14,1000.46,CS,True,False
1,41895821000110,Giraffas,Gastronomia,ATIVO,2025-03-31 11:58:42,,19,15,969.9,CS,True,False
1,61881481000186,Le Postiche,Presentes e Acessórios,ATIVO,2025-09-01 16:03:52,,3,3,908.98,CS,True,False
1,34277282000190,Floripratas,Presentes e Acessórios,ATIVO,2026-03-20 14:59:02,,3,3,876.73,CS,True,False
1,13257648002729,Sunglass Hut,Ótica,ATIVO,2026-03-20 17:29:31,,1,1,830.0,CS,True,False
1,75293662001844,Altenburg,Casa e Decoração,ATIVO,2026-03-20 11:55:10,,3,2,821.9,CS,True,False
1,15840616000148,Docejo,Gastronomia,ATIVO,2025-09-16 15:57:58,,13,10,812.3,CS,True,False
1,63144764000170,WePink,Beleza e Bem-estar,ATIVO,2025-12-19 17:15:55,,6,6,808.9,CS,True,False
1,62550790000136,Narbona Brasil,Gastronomia,ATIVO,2026-01-09 16:02:40,,2,2,805.28,CS,True,False
1,05918619007106,Casa Maria,Casa e Decoração,ATIVO,2025-01-24 11:11:25,,9,6,795.64,CS,True,False
1,06159920000486,Lua Luá,Moda,ATIVO,2026-03-20 15:21:39,,3,2,777.0,CS,True,False
1,04570373000159,Mini Kalzone,Gastronomia,ATIVO,2026-01-28 15:16:53,,34,29,715.4,CS,True,False
1,37105114000106,Brasil Cacau,Gastronomia,ATIVO,2025-12-08 11:35:37,,23,16,698.95,CS,True,False
1,64028666000130,AstroBox,Gastronomia,ATIVO,2026-04-01 17:59:04,,14,13,697.32,CS,True,False
1,63476551000146,Spedini Trattoria Expressa,Gastronomia,ATIVO,2026-04-01 11:57:27,,20,14,676.99,CS,True,False
1,49367662000193,Audithorium Menswear,Moda,ATIVO,2026-03-20 11:56:09,,2,2,671.8,CS,True,False
1,51687642000141,PRIME GAMES,Eletrônicos,ATIVO,2024-12-12 00:21:55,,2,2,645.0,CS,True,False
1,61543434000122,Homem do Sapato,Moda,ATIVO,2026-03-20 17:10:49,,1,1,599.0,CS,True,False
1,08018733000246,Me Blue,Presentes e Acessórios,ATIVO,2026-03-20 16:37:23,,6,6,548.0,CS,True,False
1,55605790000120,Anacapri,Lazer,ATIVO,2026-03-20 11:55:44,,1,1,529.81,CS,True,False
1,33236254000162,Lupo,Moda,ATIVO,2024-12-12 00:21:55,,3,3,506.0,CS,True,False
1,29263804000165,Camarão Express,Gastronomia,ATIVO,2025-03-31 10:39:19,,8,5,502.6,CS,True,False
1,61010243000103,Tomato,Gastronomia,ATIVO,2026-04-13 11:11:36,,7,7,501.2,CS,True,False
1,20909522000118,AJFans,Promocional,ATIVO,2026-03-23 11:50:16,,1,1,500.0,CS,True,False
1,40166214000157,Café Cultura,Gastronomia,ATIVO,2024-12-12 00:21:55,,11,8,500.0,CS,True,False
1,01687411000836,Chuá Brand,Moda Feminina,ATIVO,2026-03-20 14:24:50,,1,1,469.9,CS,True,False
1,26329064000205,Quebra Gelo,Presentes e Acessórios,ATIVO,2026-03-20 17:29:31,,2,2,458.0,CS,True,False
1,58891504011910,KFC,Gastronomia,ATIVO,2026-04-07 11:51:33,,10,9,430.5,CS,True,False
1,12423925000205,Continente Shopping - Estacionamento,Serviços,ATIVO,2026-01-27 17:38:21,,15,12,422.0,CS,True,False
1,56905856000160,Riviera Café,Gastronomia,ATIVO,2025-03-28 16:13:02,,7,6,421.0,CS,True,False
1,16802276000123,Divino Fogão,Gastronomia,ATIVO,2026-03-20 14:54:45,,6,6,418.97,CS,True,False
1,53123904000170,Zanoni Sushi,Gastronomia,ATIVO,2024-12-12 00:21:55,,3,3,383.27,CS,True,False
1,55667959000177,Forneria Carbone,Gastronomia,ATIVO,2026-01-09 16:07:36,,1,1,354.09,CS,True,False
1,15378735000120,Bob's Sorvete - Quiosque,Gastronomia,ATIVO,2026-03-20 11:58:18,,13,11,346.1,CS,True,False
1,08146732001178,Hot Dog Du Piru,Gastronomia,ATIVO,2026-01-28 14:54:30,,10,8,339.93,CS,True,False
1,41499548000105,Borelli Gelato,Gastronomia - Sorvetes,ATIVO,2026-03-20 11:58:36,,8,8,334.0,CS,True,False
1,48911062000343,Democrata,Calçados,ATIVO,2025-12-08 11:55:50,,1,1,319.9,CS,True,False
1,84453844049276,Life Vivara,Joalheria,ATIVO,2026-03-20 15:07:28,,1,1,290.0,CS,True,False
1,33865910000196,Mr. Cheff,Gastronomia,ATIVO,2026-03-20 16:38:01,,6,4,281.95,CS,True,False
1,40573488000160,Griletto,Gastronomia,ATIVO,2024-12-12 00:21:55,,7,6,235.1,CS,True,False
1,54248054000108,Milky Moo,Gastronomia,ATIVO,2026-03-16 13:31:49,,6,6,235.0,CS,True,False
1,61903520000107,It Cell,Eletrônicos,ATIVO,2025-10-17 15:34:36,,2,2,233.98,CS,True,False
1,59452772000107,New Era,Moda,ATIVO,2026-01-28 15:21:26,,1,1,229.9,CS,True,False
1,53259666000125,Chiquinho Sorvetes,Gastronomia - Sorvetes,ATIVO,2026-03-13 09:05:54,,12,7,196.0,CS,True,False
1,51849217000101,Subway,Gastronomia,ATIVO,2026-03-20 17:29:31,,5,5,190.5,CS,True,False
1,52003898001046,Figueira Store,Esportes,ATIVO,2025-04-15 16:11:52,,1,1,189.99,CS,True,False
1,61002871000139,Montana Grill,Gastronomia,ATIVO,2025-10-10 16:17:27,,5,4,186.4,CS,True,False
1,09652820001538,Cinépolis,Lazer,ATIVO,2026-03-20 14:25:24,,3,3,165.0,CS,True,False
1,60056258000131,Smartcase,Eletrônicos,ATIVO,2025-08-13 10:40:20,,1,1,129.8,CS,True,False
1,42012629000282,Outlet Suplementos,Esportes,ATIVO,2025-06-20 10:37:17,,1,1,123.99,CS,True,False
1,27996249000155,Fini,Gastronomia,ATIVO,2026-03-20 14:58:42,,2,1,117.1,CS,True,False
1,64630289000105,Mate Chique,Outros,ATIVO,2026-03-31 18:01:13,,1,1,108.0,CS,True,False
1,48577301000109,WOW Park,Lazer,ATIVO,2026-04-14 16:47:45,,1,1,89.8,CS,True,False
1,59720070000167,World Cookies,Gastronomia,ATIVO,2026-03-20 17:29:31,,3,3,83.5,CS,True,False
1,37581110000102,ALLMINI,Presentes e Acessórios,ATIVO,2026-04-13 10:46:10,,0,0,0.0,CS,False,False
1,50878192000101,Antonio's Boliche,Lazer,ATIVO,2026-03-23 11:17:07,,0,0,0.0,CS,False,False
1,46057902000327,BRANDO BIKES,Esportes,ATIVO,2026-04-09 15:35:10,,0,0,0.0,CS,False,False
1,31324392002200,Botoclinic,Beleza e Bem-estar,ATIVO,2026-03-20 11:59:54,,0,0,0.0,CS,False,False
1,47100110014300,Brooksfield,Moda,ATIVO,2026-03-20 17:29:31,,0,0,0.0,CS,False,False
1,76381169000443,CVC,Serviços,ATIVO,2026-03-20 14:27:38,,0,0,0.0,CS,False,False
1,65680540000109,Casa do Celular,Eletrônicos,ATIVO,2026-04-17 15:37:06,,0,0,0.0,CS,False,False
1,15833712000169,Chilli Beans,Ótica,ATIVO,2026-03-23 11:50:02,,0,0,0.0,CS,False,False
1,40432544043466,Claro,Telefonia,ATIVO,2026-03-20 14:26:38,,0,0,0.0,CS,False,False
1,46290630000149,Dedal Oficina de Costura,Serviços,ATIVO,2026-03-20 17:29:31,,0,0,0.0,CS,False,False
1,52580104000205,Divert Park,Lazer,ATIVO,2026-03-20 14:29:52,,0,0,0.0,CS,False,False
1,26585335000102,Drive Kids,Lazer,ATIVO,2024-12-12 00:21:55,,0,0,0.0,CS,False,False
1,27877999000108,EVOLUCELL CELULARES,Telefonia,ATIVO,2026-03-20 17:10:23,,0,0,0.0,CS,False,False
1,57931942000100,Eco Made,Casa e Decoração,ATIVO,2026-03-20 14:55:03,,0,0,0.0,CS,False,False
1,63712614000116,Eleve by 26fit,Esportes,ATIVO,2026-03-19 15:05:53,,0,0,0.0,CS,False,False
1,38449696000100,Empório Seletto,Supermercado,ATIVO,2026-03-20 14:55:41,,0,0,0.0,CS,False,False
1,08845676044560,Espaço Laser,Beleza e Bem-estar,ATIVO,2026-03-20 17:29:31,,0,0,0.0,CS,False,False
1,26137868000121,Estacionamento,Serviços,ATIVO,2026-03-20 09:33:48,,0,0,0.0,CS,False,False
1,58356059000105,Frank d'Ferran Cabelereiros,Salão de Beleza | Barbearia,ATIVO,2026-03-20 17:29:31,,0,0,0.0,CS,False,False
1,51450284000159,Goldko,Gastronomia,ATIVO,2026-03-20 15:01:59,,0,0,0.0,CS,False,False
1,21380105000193,Havanna Heladeria,Gastronomia,ATIVO,2026-03-23 11:16:42,,0,0,0.0,CS,False,False
1,57637136000124,Hefesto Acessorios,Presentes e Acessórios,ATIVO,2026-03-20 15:02:28,,0,0,0.0,CS,False,False
1,04657129002171,JCanedo,Moda,ATIVO,2026-03-19 11:06:20,,0,0,0.0,CS,False,False
1,36504390000184,Jah do Açaí,Gastronomia,ATIVO,2026-03-10 13:32:40,,0,0,0.0,CS,False,False
1,31911762000335,Joker Socks,Presentes e Acessórios,ATIVO,2026-03-20 15:03:16,,0,0,0.0,CS,False,False
1,49738549000177,Kings  Sneakers,Calçados,ATIVO,2026-03-20 15:04:37,,0,0,0.0,CS,False,False
1,01512104000148,L'OCCITANE AU BRESIL,Beleza e Bem-estar,ATIVO,2026-03-19 11:06:20,,0,0,0.0,CS,False,False
1,50721523000103,LENTES ACUVUE,Ótica,ATIVO,2026-03-19 11:06:20,,0,0,0.0,CS,False,False
1,01101271000104,Lanzara,Joalheria,ATIVO,2024-12-12 00:21:55,,0,0,0.0,CS,False,False
1,43849161000167,Laundrexpress (em breve),Serviços,ATIVO,2026-03-19 15:46:30,,0,0,0.0,CS,False,False
1,57150568000106,Lilica & Tigor,Infantil,ATIVO,2026-03-20 15:08:14,,0,0,0.0,CS,False,False
1,03366550000206,Manly,Moda Feminina,ATIVO,2025-12-17 09:30:59,,0,0,0.0,CS,False,False
1,47821356000150,Melissa,Calçados,ATIVO,2025-12-08 12:11:13,,0,0,0.0,CS,False,False
1,02455036009494,Motorola,Telefonia,ATIVO,2026-03-20 16:37:46,,0,0,0.0,CS,False,False
1,23448147000144,Mr Trend,Ótica,ATIVO,2024-12-12 00:21:55,,0,0,0.0,CS,False,False
1,44453337000120,Nutty Bavarian,Gastronomia,ATIVO,2026-03-03 14:58:08,,0,0,0.0,CS,False,False
1,48586755000146,ORTOBOM,Casa e Decoração,ATIVO,2026-03-20 17:28:10,,0,0,0.0,CS,False,False
1,51537088000116,PIPOCA AMERICANA,Gastronomia,ATIVO,2024-12-12 00:21:55,,0,0,0.0,CS,False,False
1,56294063000152,Provin Joias,Não informado,ATIVO,2026-03-20 17:29:31,,0,0,0.0,CS,False,False
1,02455036001590,Samsung,Eletrônicos,ATIVO,2026-03-20 17:29:31,,0,0,0.0,CS,False,False
1,62718378000182,Sandaliaria,Calçados,ATIVO,2025-11-19 11:34:15,,0,0,0.0,CS,False,False
1,39362798000238,Suíça Relógios,Serviços,ATIVO,2026-04-13 09:33:09,,0,0,0.0,CS,False,False
1,02421421007396,TIM,Telefonia,ATIVO,2026-03-20 17:29:31,,0,0,0.0,CS,False,False
1,02255187000108,Unifique,Telefonia,ATIVO,2026-03-19 15:35:28,,0,0,0.0,CS,False,False
1,02558157078005,Vivo,Telefonia,ATIVO,2026-03-23 11:15:56,,0,0,0.0,CS,False,False
1,62687135000124,XaraNNga Estética Automotiva,Lavação Automotiva,ATIVO,2026-03-09 11:23:03,,0,0,0.0,CS,False,False
1,23636034000504,Ótica Diniz,Ótica,ATIVO,2025-02-14 17:40:07,,0,0,0.0,CS,False,False
1,61793720000227,Ótica Oculum,Ótica,ATIVO,2026-03-20 17:28:35,,0,0,0.0,CS,False,False
2,24357761000163,Victor Hugo,Moda Feminina,ATIVO,2024-12-12 00:24:20,,9,6,30012.0,BS,True,False
2,92754738011792,Renner,Moda,ATIVO,2024-12-12 00:24:20,,70,56,24810.67,BS,True,False
2,06347409003423,Centauro,Esportes,ATIVO,2024-12-12 00:24:20,,34,33,17683.32,BS,True,False
2,45242914019205,C&A,Moda,ATIVO,2024-12-12 00:24:20,,44,39,14746.54,BS,True,False
2,09017661001338,Paula Torres,Calçados Femininos,ATIVO,2024-12-12 00:24:20,,3,2,11536.5,BS,True,False
2,84453844014057,Vivara,Joalheria,ATIVO,2024-12-12 00:24:20,,8,7,11400.58,BS,True,False
2,05570154001708,Adidas Originals,Moda,ATIVO,2026-03-20 17:29:31,,11,9,11389.93,BS,True,False
2,49669856026886,Le Lis Blanc,Moda,ATIVO,2026-03-27 17:05:10,,4,4,10628.7,BS,True,False
2,21345888000174,Swarovski,Joalheria,ATIVO,2024-12-12 00:24:20,,4,4,10329.0,BS,True,False
2,48812567000350,Virus 41,Calçados,ATIVO,2026-03-20 11:48:26,,15,15,9692.92,BS,True,False
2,04756550000196,The North Face,Moda,ATIVO,2024-12-12 00:24:20,,1,1,6753.0,BS,True,False
2,57621054003530,Boss,Moda,ATIVO,2026-03-20 17:16:14,,3,2,6589.0,BS,True,False
2,43470566006473,Shoulder,Moda Feminina,ATIVO,2024-12-12 00:24:20,,4,4,5989.0,BS,True,False
2,79065181001409,Livrarias Catarinense,Livrarias,ATIVO,2024-12-12 00:24:20,,44,33,5786.59,BS,True,False
2,59546515000134,Nike,Moda,ATIVO,2025-12-12 16:51:37,,6,6,5699.84,BS,True,False
2,46548870000109,Democrata,Calçados,ATIVO,2024-12-12 00:24:20,,13,12,5361.21,BS,True,False
2,32143917000131,Magic Feet,Moda,ATIVO,2026-03-20 17:29:31,,5,5,5154.96,BS,True,False
2,05570154001295,Adidas,Esportes,ATIVO,2025-11-26 19:00:35,,8,8,5149.93,BS,True,False
2,23417670000103,Luz da Lua,Calçados,ATIVO,2024-12-12 00:24:20,,5,4,4948.3,BS,True,False
2,03179385000194,Paris Cosméticos,Beleza e Bem-estar,ATIVO,2024-12-12 00:24:06,,20,19,4785.97,BS,True,False
2,03002339009090,Camicado,Casa e Decoração,ATIVO,2024-12-12 00:24:20,,12,9,4348.4,BS,True,False
2,09611669014900,Farm,Moda,ATIVO,2026-03-20 10:58:26,,5,5,4347.0,BS,True,False
2,47100110024888,Brooksfield,Moda,ATIVO,2026-03-23 11:15:22,,4,4,4298.43,BS,True,False
2,03733595004412,Superlegal Brinquedos,Infantil,ATIVO,2024-12-12 00:24:20,,25,23,4231.55,BS,True,False
2,55743365000106,Samsonite,Presentes e Acessórios,ATIVO,2026-03-20 11:37:55,,4,4,4205.0,BS,True,False
2,02926185002805,Le Creuset,Casa e Decoração,ATIVO,2026-03-20 17:17:59,,2,2,4201.2,BS,True,False
2,28383312000302,Maria Dolores,Joalheria,ATIVO,2024-12-12 00:24:20,,1,1,3930.0,BS,True,False
2,11516257004961,Lofty style,Moda Feminina,ATIVO,2026-03-20 11:05:34,,6,6,3587.74,BS,True,False
2,89237911017116,iPlace Mobile,Eletrônicos,ATIVO,2024-12-12 00:24:20,,4,4,3364.96,BS,True,False
2,36485721001077,Patbo,Moda Feminina,ATIVO,2026-03-20 11:33:58,,1,1,3358.0,BS,True,False
2,22872129000122,Aramis,Moda,ATIVO,2024-12-12 00:24:20,,1,1,3219.0,BS,True,False
2,20702154005363,Lindt,Gastronomia,ATIVO,2024-12-12 00:24:20,,19,17,3206.57,BS,True,False
2,06159920000214,Lua Luá,Moda,ATIVO,2025-08-04 11:34:22,,6,5,3136.0,BS,True,False
2,35303139003376,Live!,Moda,ATIVO,2026-03-20 17:18:13,,3,3,2998.6,BS,True,False
2,13257648006988,Sunglass Hut,Ótica,ATIVO,2024-12-12 00:24:20,,1,1,2863.0,BS,True,False
2,33164270000197,Miniso,Presentes e Acessórios,ATIVO,2025-03-11 10:47:12,,17,6,2814.19,BS,True,False
2,02263214000186,Gamelas & Panella´s,Gastronomia,ATIVO,2024-12-12 00:24:20,,20,12,2725.35,BS,True,False
2,09148568000129,Schutz,Calçados,ATIVO,2024-12-12 00:24:20,,3,3,2560.0,BS,True,False
2,09048502000167,Sandra Duwe,Joalheria,ATIVO,2024-12-12 00:24:20,,1,1,2520.0,BS,True,False
2,27571229000132,Bibi,Infantil,ATIVO,2024-12-12 00:24:20,,5,5,2361.81,BS,True,False
2,13566271007759,Calzedonia,Moda,ATIVO,2026-04-17 18:41:38,,5,5,2313.65,BS,True,False
2,47960950125331,Magazine Luiza,Eletrodomésticos,ATIVO,2026-03-23 09:58:16,,2,2,2307.5,BS,True,False
2,33200056057680,Carter´s,Infantil,ATIVO,2026-03-20 17:29:31,,4,4,2263.95,BS,True,False
2,13257648009901,Rayban,Ótica,ATIVO,2026-03-20 17:19:00,,2,2,2258.0,BS,True,False
2,14012554006588,Dress To,Moda Feminina,ATIVO,2026-03-23 11:13:55,,3,2,2247.15,BS,True,False
2,08743025007957,Granado,Beleza e Bem-estar,ATIVO,2024-12-12 00:24:20,,7,7,2161.4,BS,True,False
2,13783221018920,Madero,Gastronomia,ATIVO,2026-03-19 11:06:20,,13,11,2158.51,BS,True,False
2,09054385033310,Ellus,Moda,ATIVO,2026-03-20 17:15:30,,1,1,2079.0,BS,True,False
2,36331349000153,Arezzo,Calçados Femininos,ATIVO,2026-03-20 10:46:38,,4,4,1939.6,BS,True,False
2,33217311000328,Unizushi,Gastronomia,ATIVO,2024-12-20 11:29:30,,4,3,1890.93,BS,True,False
2,61747426000106,Hope,Moda,ATIVO,2025-11-14 11:40:11,,7,6,1853.11,BS,True,False
2,58731662017278,Ri Happy,Infantil,ATIVO,2024-12-12 00:24:20,,8,7,1755.68,BS,True,False
2,17574231003550,Youcom,Moda,ATIVO,2024-12-12 00:24:20,,7,6,1753.55,BS,True,False
2,11950487018218,Bacio di Latte,Gastronomia,ATIVO,2025-11-17 22:21:14,,26,23,1720.44,BS,True,False
2,17261661007852,Outback Steakhouse,Gastronomia,ATIVO,2024-12-12 00:24:20,,7,6,1719.81,BS,True,False
2,29224871000170,Criamigos,Infantil,ATIVO,2024-12-12 00:24:20,,1,1,1597.0,BS,True,False
2,28436148000192,Valenttina,Moda Feminina,ATIVO,2024-12-12 00:24:20,,3,3,1547.68,BS,True,False
2,33927843000600,Ugg,Moda Feminina,ATIVO,2026-03-20 17:19:04,,1,1,1499.0,BS,True,False
2,23103714000392,Track&Field,Moda,ATIVO,2024-12-12 00:24:20,,5,5,1418.3,BS,True,False
2,34900135000125,Audithorium,Moda,ATIVO,2026-03-20 10:53:23,,3,3,1414.94,BS,True,False
2,27769320000167,Clifield,Moda,ATIVO,2024-12-12 00:24:20,,1,1,1326.0,BS,True,False
2,24991405000105,Levi's,Moda,ATIVO,2024-12-12 00:24:20,,2,2,1310.71,BS,True,False
2,34509029000115,Lupo,Moda,ATIVO,2024-12-12 00:24:20,,6,6,1236.5,BS,True,False
2,11581675004266,Água de coco,Moda Feminina,ATIVO,2024-12-23 08:36:04,,2,2,1221.6,BS,True,False
2,27550252000140,Loungerie,Moda,ATIVO,2024-12-12 00:24:20,,3,3,1183.08,BS,True,False
2,78876950003006,Hering Store,Moda,ATIVO,2024-12-12 00:24:20,,6,4,1178.16,BS,True,False
2,80973795000153,O Boticário,Beleza e Bem-estar,ATIVO,2024-12-12 00:24:20,,6,6,1089.01,BS,True,False
2,28970852000120,Sestini,Presentes e Acessórios,ATIVO,2024-12-12 00:24:20,,3,3,1069.7,BS,True,False
2,00776574161087,Lojas Americanas,Supermercado,ATIVO,2026-02-13 10:55:13,,25,21,1044.72,BS,True,False
2,04657129000985,Jcanedo,Moda,ATIVO,2024-12-12 00:24:20,,2,2,1039.84,BS,True,False
2,47277437000130,Bagaggio,Presentes e Acessórios,ATIVO,2026-03-20 17:16:02,,1,1,999.0,BS,True,False
2,58113136000198,Wepink,Beleza e Bem-estar,ATIVO,2025-03-20 10:13:09,,6,4,941.7,BS,True,False
2,46088254000104,Artwalk,Calçados,ATIVO,2026-03-20 17:13:13,,2,2,929.98,BS,True,False
2,24276833004305,Natura,Beleza e Bem-estar,ATIVO,2024-12-12 00:24:20,,4,4,895.96,BS,True,False
2,38543106000104,KFC,Gastronomia,ATIVO,2024-12-12 00:24:20,,18,9,882.7,BS,True,False
2,59321504000318,Saint Germain,Joalheria,ATIVO,2025-06-13 12:10:08,,1,1,859.8,BS,True,False
2,34789369000147,Bottero,Calçados,ATIVO,2026-03-24 17:31:12,,2,2,849.7,BS,True,False
2,42887800000116,Giraffa's,Gastronomia,ATIVO,2024-12-12 00:24:20,,10,9,832.62,BS,True,False
2,34587970000157,Adcos,Beleza e Bem-estar,ATIVO,2024-12-12 00:24:20,,4,4,775.7,BS,True,False
2,13627491000902,McDonald's,Gastronomia,ATIVO,2026-03-23 11:10:41,,11,8,719.7,BS,True,False
2,10346495000169,Cacau Show,Gastronomia,ATIVO,2024-12-12 00:24:10,,10,9,710.83,BS,True,False
2,03959730000536,World Tennis,Calçados,ATIVO,2026-03-20 17:18:50,,2,2,701.97,BS,True,False
2,28240079000147,Calvin Klein,Moda,ATIVO,2024-12-12 00:24:20,,2,2,668.0,BS,True,False
2,55723665000115,Havaianas,Calçados,ATIVO,2025-11-25 10:11:39,,4,4,654.91,BS,True,False
2,21758666000183,Paladare Di Italia,Gastronomia,ATIVO,2024-12-12 00:24:20,,7,6,617.0,BS,True,False
2,46208235000174,Mini Kalzone,Gastronomia,ATIVO,2024-12-12 00:24:20,,28,20,601.82,BS,True,False
2,31957862000130,Rip Curl,Moda,ATIVO,2024-12-12 00:24:20,,1,1,599.99,BS,True,False
2,75293662001763,Altenburg,Casa e Decoração,ATIVO,2024-12-12 00:24:20,,1,1,569.5,BS,True,False
2,30644994000140,Óticas Carol,Ótica,ATIVO,2024-12-12 00:24:20,,1,1,539.0,BS,True,False
2,26380916000108,Tip Top,Infantil,ATIVO,2024-12-12 00:24:20,,1,1,519.6,BS,True,False
2,03406250000467,Balneário Shopping - Estacionamento,Serviços,ATIVO,2024-12-12 00:24:20,,12,12,500.0,BS,True,False
2,60895361000175,Pampile,Infantil,ATIVO,2026-03-20 17:29:31,,3,3,489.78,BS,True,False
2,23112252000108,Camarão Express,Gastronomia,ATIVO,2024-12-12 00:24:20,,7,7,443.7,BS,True,False
2,42886409000105,Morana,Presentes e Acessórios,ATIVO,2024-12-12 00:24:20,,4,4,415.17,BS,True,False
2,13393158004299,MeLinda,Calçados Femininos,ATIVO,2026-03-20 11:09:46,,5,5,409.0,BS,True,False
2,55591589000131,Casa Bauducco,Gastronomia,ATIVO,2025-05-13 18:41:24,,5,5,399.4,BS,True,False
2,15815603000623,Pecorino,Gastronomia,ATIVO,2024-12-12 00:24:20,,1,1,388.72,BS,True,False
2,21157895000142,Sinhá Benta,Gastronomia,ATIVO,2024-12-12 00:24:20,,7,6,377.0,BS,True,False
2,60276975000179,Bread Pide,Gastronomia,ATIVO,2025-10-27 16:16:12,,3,3,367.1,BS,True,False
2,23486280000195,Clube Melissa,Calçados,ATIVO,2026-03-23 11:14:35,,1,1,349.8,BS,True,False
2,14959293000143,Dolce & Gabbana,Moda,ATIVO,2025-12-09 14:05:11,,1,1,319.0,BS,True,False
2,29155192000600,Duladu,Gastronomia,ATIVO,2025-09-29 09:56:49,,1,1,288.2,BS,True,False
2,11078529000730,Manôa Acessórios,Presentes e Acessórios,ATIVO,2026-03-20 17:18:08,,6,5,284.99,BS,True,False
2,55604646000170,Café Cultura,Gastronomia,ATIVO,2026-03-20 10:54:56,,8,5,284.6,BS,True,False
2,52028509000146,Puket,Moda,ATIVO,2026-03-20 17:29:31,,2,2,260.4,BS,True,False
2,48328808000129,De Ville Gourmet,Gastronomia,ATIVO,2024-12-12 00:24:20,,4,3,257.64,BS,True,False
2,02876218000563,Pizza Hut,Gastronomia,ATIVO,2024-12-12 00:24:20,,4,4,252.2,BS,True,False
2,55605861000195,Havanna Café,Gastronomia,ATIVO,2026-03-23 11:12:35,,3,3,247.69,BS,True,False
2,41911591000136,Plié,Moda,ATIVO,2024-12-12 00:24:20,,1,1,231.0,BS,True,False
2,35643566000116,Osklen,Moda,ATIVO,2024-12-12 00:24:20,,1,1,212.0,BS,True,False
2,11377588000628,Burger King,Gastronomia,ATIVO,2024-12-12 00:24:20,,4,1,203.49,BS,True,False
2,32306307002740,Creamy Skin Care,Beleza e Bem-estar,ATIVO,2024-12-12 00:24:20,,1,1,203.14,BS,True,False
2,06102194000112,Chilli Beans,Ótica,ATIVO,2026-03-20 10:55:50,,1,1,199.98,BS,True,False
2,07704261000131,Kipling,Presentes e Acessórios,ATIVO,2024-12-12 00:24:20,,1,1,199.9,BS,True,False
2,26978754000295,Shantal Grill & Risoto,Gastronomia,ATIVO,2026-02-12 15:01:01,,2,2,199.8,BS,True,False
2,94087921001663,Gnc Balneario,Lazer,ATIVO,2026-03-20 17:29:31,,5,2,173.0,BS,True,False
2,30787452000126,Orientali,Gastronomia,ATIVO,2024-12-12 00:24:20,,3,2,172.44,BS,True,False
2,09111729000100,10 Pastéis,Gastronomia,ATIVO,2024-12-12 00:24:20,,3,3,169.8,BS,True,False
2,08985078000114,Subway,Gastronomia,ATIVO,2024-12-12 00:24:20,,5,4,133.7,BS,True,False
2,39438057000102,Swell Poke,Gastronomia,ATIVO,2024-12-12 00:24:20,,3,3,121.0,BS,True,False
2,39623353000183,Mr. Cheff,Gastronomia,ATIVO,2026-03-20 17:18:15,,2,2,95.97,BS,True,False
2,48729832000170,Kopenhagen,Gastronomia,ATIVO,2024-12-12 00:24:20,,2,2,95.5,BS,True,False
2,02241978000170,Bonna Panquecas e Massas,Gastronomia,ATIVO,2024-12-12 00:24:20,,2,2,89.9,BS,True,False
2,20723267000114,Loft,Eletrônicos,ATIVO,2026-03-20 11:05:15,,1,1,69.9,BS,True,False
2,25286562000174,Growfit,Gastronomia,ATIVO,2025-07-21 09:32:43,,2,1,68.4,BS,True,False
2,03888580000274,Bob's,Gastronomia,ATIVO,2024-12-12 00:24:20,,2,2,61.6,BS,True,False
2,49961545006518,Paquetá Esportes,Esportes,ATIVO,2026-03-20 17:29:31,,1,1,59.99,BS,True,False
2,18865201000389,"Quem disse, Berenice?",Beleza e Bem-estar,ATIVO,2024-12-12 00:24:20,,1,1,50.88,BS,True,False
2,02714890000129,Liquori Caffè Gourmet,Gastronomia,ATIVO,2026-03-20 17:29:31,,1,1,48.0,BS,True,False
2,49798673000128,Jah Açaí,Gastronomia,ATIVO,2026-03-20 10:59:53,,1,1,37.0,BS,True,False
2,46035164000155,Roasted Potato & Suco Bagaço,Gastronomia,ATIVO,2026-03-20 17:19:13,,4,4,30.0,BS,True,False
2,57109588000133,Bondyou,Presentes e Acessórios,ATIVO,2025-09-11 10:05:09,,1,1,16.0,BS,True,False
2,09002550000114,AJFans Balneário Shopping,Promocional,ATIVO,2026-03-23 11:51:06,,0,0,0.0,BS,False,False
2,31738634000170,Acium,Presentes e Acessórios,ATIVO,2024-12-12 00:24:20,,0,0,0.0,BS,False,False
2,41908357000150,Acuvue Lentes,Ótica,ATIVO,2026-03-30 13:58:50,,0,0,0.0,BS,False,False
2,01167639003063,Beagle,Moda,ATIVO,2025-06-02 11:37:54,,0,0,0.0,BS,False,False
2,20036374000255,Boiko,Joalheria,ATIVO,2025-04-29 09:25:36,,0,0,0.0,BS,False,False
2,55403860000168,Buddha Spa,Serviços,ATIVO,2026-03-20 17:29:31,,0,0,0.0,BS,False,False
2,23844753000189,Celular Shop,Eletrônicos,ATIVO,2024-12-12 00:24:20,,0,0,0.0,BS,False,False
2,12879361000139,Coach,Moda Feminina,ATIVO,2025-12-09 14:01:41,,0,0,0.0,BS,False,False
2,60975658000655,Colcci,Moda,ATIVO,2025-11-12 16:18:25,,0,0,0.0,BS,False,False
2,88936323001961,Coliseu,Joalheria,ATIVO,2025-04-01 17:35:52,,0,0,0.0,BS,False,False
2,31848701000109,Cores em Cacau,Gastronomia,ATIVO,2024-12-12 00:24:20,,0,0,0.0,BS,False,False
2,16831908000187,Crocs,Calçados,ATIVO,2026-03-23 11:14:16,,0,0,0.0,BS,False,False
2,30116147000102,Detoni Beauty,Beleza e Bem-estar,ATIVO,2026-03-23 09:57:17,,0,0,0.0,BS,False,False
2,28281777000271,Dvie Joalheria,Joalheria,ATIVO,2026-03-20 10:57:33,,0,0,0.0,BS,False,False
2,39403434000178,FORUM,Moda,ATIVO,2026-03-23 11:13:37,,0,0,0.0,BS,False,False
2,04852969000141,FREDDO,Gastronomia,ATIVO,2026-03-19 11:06:20,,0,0,0.0,BS,False,False
2,26715139000105,Fun Case,Eletrônicos,ATIVO,2026-03-20 10:59:15,,0,0,0.0,BS,False,False
2,13257648014492,Grandvision by Fototica,Ótica,ATIVO,2024-12-12 00:24:20,,0,0,0.0,BS,False,False
2,49669856026703,John John Denim,Moda,ATIVO,2026-03-20 11:00:27,,0,0,0.0,BS,False,False
2,58740351000119,Juistreet,Gastronomia,ATIVO,2025-03-21 14:52:59,,0,0,0.0,BS,False,False
2,28111855000109,L'Oréal Kerastase,Beleza e Bem-estar,ATIVO,2026-03-23 11:12:06,,0,0,0.0,BS,False,False
2,01512104026708,L'occitane Bresil,Beleza e Bem-estar,ATIVO,2026-03-20 11:01:33,,0,0,0.0,BS,False,False
2,02148561000320,Lacoste,Moda,ATIVO,2024-12-12 00:24:20,,0,0,0.0,BS,False,False
2,25291503000194,Las Leñas,Gastronomia,ATIVO,2024-12-12 00:24:20,,0,0,0.0,BS,False,False
2,45021942000194,Lavi Sunglasses,Ótica,ATIVO,2024-12-12 00:24:20,,0,0,0.0,BS,False,False
2,38468167000154,Los Mariachis,Gastronomia,ATIVO,2026-02-19 15:30:42,,0,0,0.0,BS,False,False
2,14102914000178,MB acessórios,Presentes e Acessórios,ATIVO,2024-12-12 00:24:20,,0,0,0.0,BS,False,False
2,08377511010282,Mac,Beleza e Bem-estar,ATIVO,2024-12-12 00:24:20,,0,0,0.0,BS,False,False
2,03366550000117,Manly,Moda Feminina,ATIVO,2026-03-19 13:55:53,,0,0,0.0,BS,False,False
2,49538746000142,Milky moo,Gastronomia,ATIVO,2026-03-20 17:29:31,,0,0,0.0,BS,False,False
2,52082662000151,Milon,Infantil,ATIVO,2026-03-20 17:18:21,,0,0,0.0,BS,False,False
2,12136108005740,Monte Carlo Joias,Joalheria,ATIVO,2026-03-20 17:18:11,,0,0,0.0,BS,False,False
2,02455036009303,Motorola,Telefonia,ATIVO,2026-03-20 17:17:55,,0,0,0.0,BS,False,False
2,52194320000638,Nba Store Balneario Camboriu,Moda,ATIVO,2026-03-20 11:14:55,,0,0,0.0,BS,False,False
2,05337063000151,New Era,Moda,ATIVO,2025-04-01 08:23:44,,0,0,0.0,BS,False,False
2,53599236000152,Nutty Bavarian,Gastronomia,ATIVO,2024-12-12 00:24:20,,0,0,0.0,BS,False,False
2,04692027003673,Oakley,Ótica,ATIVO,2026-03-20 17:18:04,,0,0,0.0,BS,False,False
2,46424765000150,Ojo by mr.ray,Ótica,ATIVO,2026-03-20 11:16:03,,0,0,0.0,BS,False,False
2,06269953000136,Pegada,Calçados,ATIVO,2026-03-23 11:10:06,,0,0,0.0,BS,False,False
2,23449012000365,Quiksilver,Moda,ATIVO,2024-12-12 00:24:20,,0,0,0.0,BS,False,False
2,45687735000173,Reserva,Moda,ATIVO,2026-04-06 09:38:42,,0,0,0.0,BS,False,False
2,08951567000155,Richard's,Moda,ATIVO,2024-12-12 00:24:20,,0,0,0.0,BS,False,False
2,09054385033409,Salinas,Moda,ATIVO,2026-03-20 11:36:42,,0,0,0.0,BS,False,False
2,02455036001752,Samsung,Eletrônicos,ATIVO,2024-12-12 00:24:20,,0,0,0.0,BS,False,False
2,55648279000106,Simmons,Casa e Decoração,ATIVO,2026-03-23 11:09:33,,0,0,0.0,BS,False,False
2,51149681000195,Smart Case,Eletrônicos,ATIVO,2026-02-10 10:37:42,,0,0,0.0,BS,False,False
2,16945787004353,Souq,Moda Feminina,ATIVO,2024-12-12 00:24:20,,0,0,0.0,BS,False,False
2,47053209000187,Stanley,Presentes e Acessórios,ATIVO,2024-12-12 00:24:20,,0,0,0.0,BS,False,False
2,02421421009500,TIM,Telefonia,ATIVO,2024-12-12 00:24:20,,0,0,0.0,BS,False,False
2,08613254000944,Tania Bulhões,Presentes e Acessórios,ATIVO,2026-03-27 17:10:10,,0,0,0.0,BS,False,False
2,27274663000231,Tea Shop,Gastronomia,ATIVO,2024-12-12 00:24:20,,0,0,0.0,BS,False,False
2,27883976000106,Tommy Hilfiger,Moda,ATIVO,2026-03-20 17:19:02,,0,0,0.0,BS,False,False
2,74465853000135,Unique,Beleza e Bem-estar,ATIVO,2026-03-23 11:07:50,,0,0,0.0,BS,False,False
2,52203144000149,Usaflex,Calçados,ATIVO,2026-03-20 17:19:20,,0,0,0.0,BS,False,False
2,41640059000121,Vans,Calçados,ATIVO,2026-02-10 10:50:36,,0,0,0.0,BS,False,False
2,02558157083432,Vivo,Telefonia,ATIVO,2024-12-12 00:24:20,,0,0,0.0,BS,False,False
2,09054385033239,Vr Collezioni,Moda,ATIVO,2026-03-20 17:18:54,,0,0,0.0,BS,False,False
2,48946499000150,Wow Park,Lazer,ATIVO,2026-03-23 11:07:23,,0,0,0.0,BS,False,False
2,57673178000110,Zeiss Vision Center,Ótica,ATIVO,2025-01-24 15:04:50,,0,0,0.0,BS,False,False
3,43470566006554,Shoulder,Moda Feminina,ATIVO,2026-02-18 09:57:13,,11,10,24956.05,NK,True,False
3,92754738003420,Renner,Moda,ATIVO,2024-12-12 00:24:21,,73,63,21303.85,NK,True,False
3,84453844011384,Vivara,Joalheria,ATIVO,2024-12-12 00:24:21,,7,7,17508.53,NK,True,False
3,06347409008905,Centauro,Esportes,ATIVO,2026-03-24 15:41:30,,38,34,17051.58,NK,True,False
3,11170508000154,Cia do Homem,Moda,ATIVO,2024-12-12 00:24:21,,13,12,15664.81,NK,True,False
3,13257648014301,GrandVision,Ótica,ATIVO,2026-03-24 15:55:04,,4,1,15429.0,NK,True,False
3,33200056008123,Riachuelo,Moda,ATIVO,2024-12-12 00:24:21,,52,47,13654.56,NK,True,False
3,37749600000167,Óticas Carol,Ótica,ATIVO,2026-03-20 17:29:31,,5,5,12235.0,NK,True,False
3,92665611024351,Panvel Farmácias,Farmácias,ATIVO,2024-12-12 00:24:21,,37,34,9412.36,NK,True,False
3,21366750000151,Track & Field,Moda,ATIVO,2024-12-12 00:24:21,,16,13,9216.91,NK,True,False
3,83729004016560,Damyller,Moda,ATIVO,2026-02-18 14:19:00,,14,13,8809.0,NK,True,False
3,58480703000144,Arezzo,Calçados,ATIVO,2025-11-17 16:03:18,,15,11,8212.32,NK,True,False
3,58393035000118,Luz da Lua,Calçados,ATIVO,2025-05-05 16:35:20,,7,7,8039.7,NK,True,False
3,79379491001155,Havan,Casa e Decoração,ATIVO,2025-03-11 08:36:57,,36,31,7907.05,NK,True,False
3,47100110025698,Brooksfield,Moda,ATIVO,2024-12-12 00:24:22,,7,7,7394.33,NK,True,False
3,43283811014100,Kalunga,Papelaria,ATIVO,2024-12-12 00:24:21,,43,41,6389.52,NK,True,False
3,05570154001457,Adidas,Esportes,ATIVO,2026-03-19 16:31:23,,10,10,5843.86,NK,True,False
3,02455036003887,Samsung,Eletrônicos,ATIVO,2024-12-12 00:24:21,,3,3,5776.0,NK,True,False
3,78876950000848,Hering Store,Moda,ATIVO,2024-12-12 00:24:21,,22,20,5399.15,NK,True,False
3,84453844045793,Life by Vivara,Joalheria,ATIVO,2026-04-02 14:48:29,,11,10,5011.63,NK,True,False
3,79065181002642,Livrarias Catarinense,Livrarias,ATIVO,2024-12-12 00:24:21,,47,39,4917.35,NK,True,False
3,13783221018768,Madero,Gastronomia,ATIVO,2024-12-12 00:24:21,,29,23,4614.26,NK,True,False
3,45459036000176,Avatim,Beleza e Bem-estar,ATIVO,2024-12-12 00:24:22,,24,23,4553.0,NK,True,False
3,48845348000106,Game Mania,Eletrônicos,ATIVO,2025-10-08 14:12:37,,1,1,4531.78,NK,True,False
3,53262111000132,Kings Sneakers,Calçados,ATIVO,2026-03-03 16:36:32,,5,4,4167.8,NK,True,False
3,03810127000164,Cabanas,Moda,ATIVO,2024-12-12 00:24:21,,7,6,4106.65,NK,True,False
3,53966834001607,TNG,Moda,ATIVO,2024-12-12 00:24:21,,6,6,4077.92,NK,True,False
3,53153938014400,Cobasi,Pets,ATIVO,2025-03-10 11:04:58,,21,19,3920.1,NK,True,False
3,58731662011407,Ri Happy,Infantil,ATIVO,2025-06-06 11:49:53,,18,16,3708.31,NK,True,False
3,43451685000103,Idéli.Oui,Beleza e Bem-estar,ATIVO,2026-03-24 15:44:07,,9,9,3362.21,NK,True,False
3,04657129000802,JCanedo,Moda,ATIVO,2024-12-12 00:24:21,,4,4,3349.68,NK,True,False
3,05569332000105,Sandra Duwe,Joalheria,ATIVO,2024-12-12 00:24:21,,1,1,3330.0,NK,True,False
3,17261661017572,Outback Steakhouse,Gastronomia,ATIVO,2024-12-12 10:34:34,,16,12,3247.71,NK,True,False
3,55221606000149,Hope,Moda,ATIVO,2025-06-24 08:32:58,,7,7,3166.23,NK,True,False
3,47883510000118,Bottero,Calçados,ATIVO,2025-10-16 11:22:48,,6,6,3119.2,NK,True,False
3,55582739000140,Sinhá Benta Gourmet,Gastronomia,ATIVO,2025-06-02 09:03:11,,37,27,2741.58,NK,True,False
3,06269953002856,Pegada,Calçados,ATIVO,2026-03-24 15:57:00,,3,3,2732.97,NK,True,False
3,06231487000108,Ótica Chroma,Ótica,ATIVO,2024-12-13 17:12:16,,2,1,2650.25,NK,True,False
3,49669856005374,Le Lis,Moda,ATIVO,2026-02-18 09:57:07,,2,2,2609.6,NK,True,False
3,09611669031235,Farm,Moda Feminina,ATIVO,2026-03-20 17:29:31,,4,3,2531.4,NK,True,False
3,32560217000576,Belshop,Beleza e Bem-estar,ATIVO,2024-12-12 00:24:21,,13,12,2519.92,NK,True,False
3,49961545006194,Paquetá,Esportes,ATIVO,2026-03-24 15:47:40,,7,7,2506.91,NK,True,False
3,07863967000146,Pratafina,Presentes e Acessórios,ATIVO,2025-01-08 15:50:07,,15,14,2495.0,NK,True,False
3,17574231010417,Youcom,Moda,ATIVO,2024-12-12 00:24:21,,8,7,2381.15,NK,True,False
3,33200056060982,Carter's,Infantil,ATIVO,2026-02-18 09:56:54,,8,8,2369.87,NK,True,False
3,13393158003802,Me.Linda,Beleza e Bem-estar,ATIVO,2024-12-12 00:24:22,,27,24,2349.31,NK,True,False
3,10872187000762,Ophicina Footwear,Moda,ATIVO,2026-03-31 15:39:12,,2,2,2199.98,NK,True,False
3,42904620000103,Tech Smart,Eletrônicos,ATIVO,2024-12-12 00:24:21,,5,5,1749.1,NK,True,False
3,53994421000141,Bagaggio,Presentes e Acessórios,ATIVO,2025-11-11 15:02:55,,5,4,1738.9,NK,True,False
3,35303139003619,LIVE!,Moda,ATIVO,2025-09-26 14:02:58,,3,3,1738.8,NK,True,False
3,00776574158612,LOJAS AMERICANAS,Eletrodomésticos,ATIVO,2026-03-24 15:45:19,,41,35,1719.8,NK,True,False
3,03002339004021,Camicado,Casa e Decoração,ATIVO,2025-09-18 17:11:35,,8,7,1695.41,NK,True,False
3,46817768000153,World Tennis,Calçados,ATIVO,2025-07-21 11:37:46,,4,4,1663.92,NK,True,False
3,56951555000173,Gondolier,Gastronomia,ATIVO,2024-12-12 00:24:22,,23,23,1585.02,NK,True,False
3,21660656000372,Kopenhagen,Gastronomia,ATIVO,2026-03-23 11:05:06,,25,23,1582.52,NK,True,False
3,42591651138099,McDonald's,Gastronomia,ATIVO,2024-12-12 00:24:21,,33,28,1553.3,NK,True,False
3,20702154007811,Lindt,Gastronomia,ATIVO,2026-03-20 17:29:31,,14,14,1471.51,NK,True,False
3,15048754007363,Studio Z,Calçados,ATIVO,2024-12-12 00:24:21,,12,10,1408.84,NK,True,False
3,24276833014106,Natura,Beleza e Bem-estar,ATIVO,2024-12-12 00:24:22,,9,9,1323.26,NK,True,False
3,48911062000262,Democrata,Calçados,ATIVO,2026-03-24 15:42:28,,3,3,1284.55,NK,True,False
3,26240041000149,Feng Cheng,Gastronomia,ATIVO,2024-12-12 00:24:21,,14,11,1232.19,NK,True,False
3,31723932000358,Kombina Felice,Gastronomia - Restaurante,ATIVO,2025-06-24 08:41:07,,5,5,1215.48,NK,True,False
3,52349729000171,Usaflex,Calçados,ATIVO,2026-03-23 09:58:43,,3,3,1178.97,NK,True,False
3,79855508000121,General Lyy,Moda,ATIVO,2024-12-12 00:24:21,,3,3,1151.6,NK,True,False
3,58891504012054,Kfc,Gastronomia,ATIVO,2026-03-20 17:29:31,,23,21,1132.61,NK,True,False
3,11377588000202,Burger King,Gastronomia,ATIVO,2024-12-12 00:24:21,,16,12,1106.19,NK,True,False
3,44807560000128,Lupo,Moda,ATIVO,2025-09-22 16:35:17,,6,6,1078.0,NK,True,False
3,11137051003959,O Boticário,Beleza e Bem-estar,ATIVO,2026-03-24 15:47:24,,10,7,1068.34,NK,True,False
3,50906474000175,Café Cultura,Gastronomia,ATIVO,2025-05-15 10:59:05,,25,21,976.01,NK,True,False
3,11278233000177,Cacau Show,Gastronomia,ATIVO,2025-07-18 14:26:20,,13,13,960.18,NK,True,False
3,29174375000150,Mini Kalzone,Gastronomia,ATIVO,2024-12-12 00:24:21,,39,34,927.1,NK,True,False
3,59321504000237,Saint Germain,Joalheria,ATIVO,2026-03-24 15:47:53,,2,2,906.7,NK,True,False
3,13566271007910,Intimissimi,Moda Feminina,ATIVO,2026-02-18 09:26:34,,2,2,877.0,NK,True,False
3,28760827000112,MB Acessórios,Presentes e Acessórios,ATIVO,2024-12-12 00:24:21,,7,7,875.8,NK,True,False
3,50748085000169,Swarovski,Joalheria,ATIVO,2024-12-12 00:24:21,,2,2,849.0,NK,True,False
3,50624528000290,Mamma Mia Express,Gastronomia,ATIVO,2025-07-21 11:06:52,,12,11,805.0,NK,True,False
3,73365470000122,Due Sapori,Gastronomia,ATIVO,2024-12-12 00:24:21,,12,9,764.14,NK,True,False
3,06062545000109,Joalheria Baier,Joalheria,ATIVO,2026-03-24 15:41:17,,1,1,736.0,NK,True,False
3,02876218000644,Pizza Hut,Gastronomia,ATIVO,2024-12-12 00:24:21,,12,9,699.7,NK,True,False
3,02509838000130,Laci Baruffi,Presentes e Acessórios,ATIVO,2026-03-24 15:44:25,,3,1,687.0,NK,True,False
3,60261851000110,WePink,Beleza e Bem-estar,ATIVO,2025-07-18 13:54:15,,6,6,681.0,NK,True,False
3,34912793000641,Empório DUHomem,Moda,ATIVO,2025-12-12 16:26:37,,2,2,674.7,NK,True,False
3,39761471000158,Clube Melissa,Calçados,ATIVO,2025-03-10 11:03:24,,3,3,600.8,NK,True,False
3,54098551000169,Freddo,Gastronomia,ATIVO,2026-03-24 15:53:38,,14,12,562.0,NK,True,False
3,10212986000893,Zee Rucci,Moda Feminina,ATIVO,2026-03-24 15:58:41,,3,2,559.76,NK,True,False
3,29818438000163,Divino Fogão,Gastronomia,ATIVO,2024-12-12 00:24:21,,9,8,542.45,NK,True,False
3,28659861000103,Authentic Feet,Moda,ATIVO,2024-12-12 00:24:21,,1,1,540.0,NK,True,False
3,00238977000141,AJFans Neumarkt,Promocional,ATIVO,2026-04-10 14:08:20,,1,1,500.0,NK,True,False
3,25332645000152,Aramis,Moda,ATIVO,2024-12-12 00:24:21,,1,1,499.9,NK,True,False
3,31729984000170,Tommy Hilfiger,Moda,ATIVO,2026-02-18 09:57:29,,2,2,488.0,NK,True,False
3,56985525000188,Reserva,Moda,ATIVO,2025-05-09 14:16:54,,2,2,465.0,NK,True,False
3,28644388000182,Subway,Gastronomia,ATIVO,2024-12-12 00:24:22,,9,7,442.4,NK,True,False
3,13566271007678,Calzedonia,Moda Feminina,ATIVO,2025-10-10 14:17:12,,3,3,397.0,NK,True,False
3,33217311000590,Unizushi,Gastronomia,ATIVO,2026-03-24 12:15:25,,1,1,378.0,NK,True,False
3,39714111000103,Rei Do Mate,Gastronomia,ATIVO,2024-12-12 00:24:21,,8,4,371.0,NK,True,False
3,01512104024403,L'Occitane en Provence,Beleza e Bem-estar,ATIVO,2025-09-11 16:04:00,,1,1,328.6,NK,True,False
3,55666017000174,Gelato Borelli,Gastronomia,ATIVO,2025-06-03 15:31:44,,7,7,327.0,NK,True,False
3,30840705000188,Chiquinho Sorvetes,Gastronomia,ATIVO,2025-03-10 11:00:04,,14,12,313.0,NK,True,False
3,35712245000126,Alison Salles Hair Stylist,Salão de Beleza | Barbearia,ATIVO,2026-03-24 15:50:24,,3,2,310.0,NK,True,False
3,64437691000178,Chilli Beans,Ótica,ATIVO,2026-03-23 11:05:23,,1,1,286.93,NK,True,False
3,49650475000112,Orientali,Gastronomia,ATIVO,2024-12-12 00:24:22,,6,6,277.35,NK,True,False
3,43249369000145,BioMundo Produtos Naturais,Beleza e Bem-estar,ATIVO,2025-10-14 11:27:36,,2,2,263.94,NK,True,False
3,01512104024322,L'Occitane Au Brésil,Beleza e Bem-estar,ATIVO,2024-12-12 00:24:21,,3,3,245.62,NK,True,False
3,44252808000131,Estação Choperia,Gastronomia,ATIVO,2025-06-11 15:35:07,,7,6,237.8,NK,True,False
3,73846347000719,Daniela Tombini,Moda,ATIVO,2026-03-24 15:42:41,,1,1,236.6,NK,True,False
3,49459141000166,Sinhá Benta Café,Gastronomia,ATIVO,2025-06-03 09:28:36,,4,4,212.39,NK,True,False
3,62693522000173,Mr. Cheff,Gastronomia,ATIVO,2025-12-23 15:09:12,,2,2,158.98,NK,True,False
3,37593691000275,Pingu Brinquedos,Infantil,ATIVO,2026-01-12 17:02:44,,1,1,119.9,NK,True,False
3,39566766000173,Empório Sabores do Mundo,Gastronomia,ATIVO,2026-03-20 17:29:31,,1,1,80.0,NK,True,False
3,94087921001230,GNC Cinemas,Lazer,ATIVO,2026-03-20 17:29:31,,2,2,60.0,NK,True,False
3,57607058000115,SmartCase,Eletrônicos,ATIVO,2026-02-18 10:01:00,,1,1,60.0,NK,True,False
3,32865100000410,Portus Padaria Artesanal,Gastronomia,ATIVO,2024-12-12 00:24:21,,1,1,32.0,NK,True,False
3,42591651138331,McDonald´s Quiosque,Gastronomia,ATIVO,2024-12-12 00:24:22,,1,1,26.9,NK,True,False
3,50248089000188,LAtte Art Coffee Cafeteria,Gastronomia,ATIVO,2026-03-20 17:29:31,,1,1,24.0,NK,True,False
3,50721523000103,Acuvue,Ótica,ATIVO,2025-11-12 14:06:10,,0,0,0.0,NK,False,False
3,56873368000119,Anjos Colchões & Sofás,Casa e Decoração,ATIVO,2026-03-24 15:49:42,,0,0,0.0,NK,False,False
3,65788814000188,B&C Balas,Outros,ATIVO,2026-04-02 17:05:54,,0,0,0.0,NK,False,False
3,07737623007950,Bodytech,Serviços,ATIVO,2026-04-02 14:51:58,,0,0,0.0,NK,False,False
3,02362017000386,Cavezzale,Presentes e Acessórios,ATIVO,2024-12-12 00:24:21,,0,0,0.0,NK,False,False
3,40432544007079,Claro,Telefonia,ATIVO,2024-12-12 00:24:21,,0,0,0.0,NK,False,False
3,63136882000137,Crepefy,Gastronomia,ATIVO,2025-11-12 14:09:42,,0,0,0.0,NK,False,False
3,51400057000119,Crocs,Calçados,ATIVO,2026-03-20 17:29:31,,0,0,0.0,NK,False,False
3,08545793000136,Cvc Viagens,Serviços,ATIVO,2026-03-20 17:29:31,,0,0,0.0,NK,False,False
3,57341635000170,Don Barber,Beleza e Bem-estar,ATIVO,2026-03-24 15:43:05,,0,0,0.0,NK,False,False
3,08845676046260,Espaço Laser,Beleza e Bem-estar,ATIVO,2025-06-12 18:15:41,,0,0,0.0,NK,False,False
3,52758327000120,Estação BrinCar,Lazer,ATIVO,2026-03-24 15:43:20,,0,0,0.0,NK,False,False
3,07719288001501,Maze,Calçados,ATIVO,2025-07-21 11:09:07,,0,0,0.0,NK,False,False
3,42591651138170,Mc Donald´s Quiosque 1,Fast Food,ATIVO,2026-03-19 14:34:32,,0,0,0.0,NK,False,False
3,52171467000106,Milky Moo,Gastronomia,ATIVO,2026-03-23 11:04:26,,0,0,0.0,NK,False,False
3,02455036009656,Motorola,Telefonia,ATIVO,2026-03-20 17:29:31,,0,0,0.0,NK,False,False
3,46699390000130,O MUNDO DAS CAPAS,Telefonia,ATIVO,2026-04-02 14:45:16,,0,0,0.0,NK,False,False
3,65560847000176,OJO,Ótica,ATIVO,2026-03-30 13:43:04,,0,0,0.0,NK,False,False
3,51012602000108,Prime Car Detailing,Serviços,ATIVO,2026-03-20 17:29:31,,0,0,0.0,NK,False,False
3,62589660000107,QÓculos,Ótica,ATIVO,2026-01-22 13:52:04,,0,0,0.0,NK,False,False
3,55582739000493,Shelf,Supermercado,ATIVO,2026-03-24 15:48:09,,0,0,0.0,NK,False,False
3,57175087000155,SmartCase,Eletrônicos,ATIVO,2026-02-18 10:00:25,,0,0,0.0,NK,False,False
3,02421421005776,TIM,Telefonia,ATIVO,2024-12-12 00:24:21,,0,0,0.0,NK,False,False
3,14440687000786,Vialaser,Beleza e Bem-estar,ATIVO,2026-03-24 15:58:21,,0,0,0.0,NK,False,False
3,34490657000104,Victor Hugo,Presentes e Acessórios,ATIVO,2026-02-18 09:56:36,,0,0,0.0,NK,False,False
3,02558157043643,Vivo,Telefonia,ATIVO,2024-12-12 00:24:21,,0,0,0.0,NK,False,False
4,04657129002767,JCanedo,Moda,ATIVO,2024-12-12 00:24:23,,14,13,15501.67,NR,True,False
4,79379491002984,Havan,Casa e Decoração,ATIVO,2025-04-17 13:34:52,,45,37,14029.4,NR,True,False
4,23400951000234,Arezzo,Calçados,ATIVO,2026-01-21 11:47:47,,25,2,12442.51,NR,True,False
4,75315333021297,Atacadão,Supermercado,ATIVO,2024-12-12 00:24:23,,95,56,10737.52,NR,True,False
4,83569624001204,Pittol,Calçados,ATIVO,2026-03-20 17:29:31,,23,18,10347.35,NR,True,False
4,06347409024501,Centauro,Esportes,ATIVO,2024-12-12 00:24:23,,15,13,8926.81,NR,True,False
4,92754738017995,Renner,Moda,ATIVO,2026-03-20 17:29:31,,29,26,8010.52,NR,True,False
4,24823012000184,Sabor Brasileiro,Gastronomia,ATIVO,2024-12-12 00:24:23,,48,15,7646.59,NR,True,False
4,54908050000109,Óticas Carol,Ótica,ATIVO,2026-03-20 17:29:31,,3,3,6449.92,NR,True,False
4,47960950059606,Magazine Luiza,Eletrodomésticos,ATIVO,2026-03-23 09:59:20,,3,3,5494.3,NR,True,False
4,33200056038111,Riachuelo,Moda,ATIVO,2026-03-20 17:29:31,,26,22,4680.5,NR,True,False
4,53153938009407,Cobasi,Pets,ATIVO,2024-12-12 00:24:23,,22,22,3065.71,NR,True,False
4,34912793000560,Empório DuHomem,Moda,ATIVO,2026-03-23 11:02:17,,4,3,2862.8,NR,True,False
4,56687419000118,Avatim,Beleza e Bem-estar,ATIVO,2024-12-12 00:24:23,,16,15,2566.5,NR,True,False
4,92665611072089,Panvel Farmácias,Farmácias,ATIVO,2025-07-21 15:09:21,,14,11,2416.96,NR,True,False
4,79065181003029,Livrarias Catarinense,Livrarias,ATIVO,2024-12-12 00:24:23,,20,19,2413.8,NR,True,False
4,33041260129361,Casas Bahia,Eletrodomésticos,ATIVO,2024-12-12 00:24:22,,1,1,2409.0,NR,True,False
4,84453844051769,Vivara,Joalheria,ATIVO,2025-05-09 16:18:51,,6,4,2227.53,NR,True,False
4,30670630000304,Hering,Moda,ATIVO,2026-03-20 17:29:31,,3,3,1788.93,NR,True,False
4,52493359000141,Idéli.oui,Beleza e Bem-estar,ATIVO,2026-03-20 17:29:31,,9,7,1654.05,NR,True,False
4,00776574158701,Lojas Americanas,Eletrodomésticos,ATIVO,2024-12-12 00:24:23,,31,27,1462.02,NR,True,False
4,11377588000970,Burger King,Gastronomia,ATIVO,2024-12-12 00:24:22,,23,19,1331.11,NR,True,False
4,09554846000148,Mini Kalzone,Gastronomia,ATIVO,2026-03-20 17:29:31,,41,33,1281.9,NR,True,False
4,03733595006466,Superlegal Brinquedos,Infantil,ATIVO,2026-03-20 17:29:31,,9,7,1253.92,NR,True,False
4,46708841018104,Polo Wear,Moda,ATIVO,2024-12-12 00:24:23,,5,5,1189.89,NR,True,False
4,17286194000136,Game Mania,Eletrônicos,ATIVO,2025-10-16 09:58:54,,2,1,1159.6,NR,True,False
4,42591651143173,Mc Donalds,Gastronomia,ATIVO,2026-03-20 17:29:31,,16,15,1101.3,NR,True,False
4,58891504011597,KFC,Fast Food,ATIVO,2025-07-21 11:46:00,,13,12,894.2,NR,True,False
4,08718972000802,Leo Cosméticos,Beleza e Bem-estar,ATIVO,2024-12-12 00:24:23,,18,17,829.48,NR,True,False
4,15363701000405,Pratafina,Presentes e Acessórios,ATIVO,2026-03-20 17:29:31,,5,4,795.0,NR,True,False
4,62051758000106,ALLMINI,Presentes e Acessórios,ATIVO,2025-10-13 16:53:57,,6,5,794.83,NR,True,False
4,53262112000187,Kings Sneakers,Moda,ATIVO,2026-03-20 17:29:31,,1,1,739.8,NR,True,False
4,45242914000105,C&A,Moda Feminina,ATIVO,2026-04-16 11:17:26,,2,2,729.96,NR,True,False
4,57834082000197,World Tennis,Calçados,ATIVO,2024-12-17 12:18:35,,2,2,719.0,NR,True,False
4,02455036001914,Samsung,Eletrônicos,ATIVO,2024-12-12 00:24:23,,2,1,698.0,NR,True,False
4,13267488000160,Cacau Show,Gastronomia,ATIVO,2024-12-12 00:24:22,,11,8,655.41,NR,True,False
4,55529866000186,Express Grill,Gastronomia,ATIVO,2024-12-12 00:24:23,,11,10,598.64,NR,True,False
4,49961545006437,Paquetá,Esportes,ATIVO,2026-03-20 17:29:31,,3,3,531.47,NR,True,False
4,20758306013792,Cia do Terno,Moda,ATIVO,2025-09-17 12:57:56,,3,2,522.0,NR,True,False
4,27652384000183,Boiko Joalheiros,Joalheria,ATIVO,2024-12-12 00:24:23,,1,1,517.0,NR,True,False
4,41598358000730,Bkko,Moda,ATIVO,2026-03-16 09:12:26,,2,2,489.8,NR,True,False
4,40988905000136,A Fabulosa,Presentes e Acessórios,ATIVO,2024-12-12 00:24:23,,8,8,422.81,NR,True,False
4,01167639004620,Beagle,Moda,ATIVO,2025-11-07 10:44:58,,3,3,421.75,NR,True,False
4,59953255000111,Divino Fogão,Gastronomia - Restaurante,ATIVO,2026-03-19 14:38:34,,5,4,393.8,NR,True,False
4,39418129000150,Zamban Grill,Gastronomia,ATIVO,2026-03-20 17:29:31,,4,4,385.96,NR,True,False
4,33694235000180,Sinhá Benta,Gastronomia,ATIVO,2024-12-12 00:24:23,,5,4,372.9,NR,True,False
4,11137051009990,O Boticário,Beleza e Bem-estar,ATIVO,2024-12-12 00:24:23,,5,4,348.63,NR,True,False
4,52467777000164,Natura,Beleza e Bem-estar,ATIVO,2026-03-20 17:29:31,,6,4,330.14,NR,True,False
4,09652820001104,Cinépolis,Lazer,ATIVO,2026-03-20 17:29:31,,5,4,289.0,NR,True,False
4,48766590000194,Bob's,Gastronomia,ATIVO,2025-12-09 14:56:34,,7,6,284.7,NR,True,False
4,18704273002045,Toni Toys,Infantil,ATIVO,2024-12-12 00:24:23,,2,2,219.98,NR,True,False
4,25051026000190,Chiquinho Sorvetes,Gastronomia - Sorvetes,ATIVO,2024-12-12 00:24:23,,7,6,211.8,NR,True,False
4,46464595000137,Feng Cheng,Gastronomia,ATIVO,2025-10-29 15:42:08,,2,2,184.97,NR,True,False
4,28192387000659,Freddo Gelateria,Gastronomia - Sorvetes,ATIVO,2026-03-19 14:44:33,,4,4,170.4,NR,True,False
4,55865223000103,La Dullie,Gastronomia,ATIVO,2026-03-20 17:24:14,,3,2,128.0,NR,True,False
4,57412729000192,Milky Moo,Gastronomia,ATIVO,2026-03-20 17:29:31,,5,4,128.0,NR,True,False
4,55582739000221,Senhora Farinha,Gastronomia,ATIVO,2025-10-09 14:51:04,,2,2,120.8,NR,True,False
4,31107087000124,Mr. Cheff,Gastronomia,ATIVO,2024-12-12 00:24:23,,2,2,111.96,NR,True,False
4,52884877000196,Subway,Gastronomia,ATIVO,2024-12-26 23:54:41,,3,3,105.4,NR,True,False
4,30808673000133,Estação Choperia,Gastronomia,ATIVO,2026-03-20 17:29:31,,4,2,95.92,NR,True,False
4,63113505000182,The Family's Burger & Pizza,Gastronomia,ATIVO,2026-03-16 09:14:14,,1,1,31.99,NR,True,False
4,49995696000122,Go Coffee,Gastronomia,ATIVO,2026-03-20 17:29:31,,1,1,26.0,NR,True,False
4,14477520000102,Missbely,Presentes e Acessórios,ATIVO,2024-12-12 00:24:23,,1,1,25.0,NR,True,False
4,51041779000124,Miss Make,Beleza e Bem-estar,ATIVO,2024-12-12 00:24:23,,1,1,19.9,NR,True,False
4,11140451000221,Norte Shopping - Estacionamento,Serviços,ATIVO,2024-12-12 00:24:23,,1,1,15.0,NR,True,False
4,00308055003855,Vivo,Telefonia,ATIVO,2026-03-20 17:29:31,,1,1,6.48,NR,True,False
4,13345452000157,AJFans - Norte Shopping,Promocional,ATIVO,2026-03-23 11:47:42,,0,0,0.0,NR,False,False
4,57987840000298,Acium,Presentes e Acessórios,ATIVO,2025-09-23 17:36:58,,0,0,0.0,NR,False,False
4,48767159000162,Bob's (Quiosque 1),Gastronomia - Sorvetes,ATIVO,2024-12-12 00:24:23,,0,0,0.0,NR,False,False
4,31428749000168,Bob's (Quiosque 2),Gastronomia - Sorvetes,ATIVO,2024-12-12 00:24:23,,0,0,0.0,NR,False,False
4,31324392003517,Botoclinic,Beleza e Bem-estar,ATIVO,2026-03-20 17:29:31,,0,0,0.0,NR,False,False
4,54879562000186,Brando Bike,Outros,ATIVO,2024-12-12 00:24:23,,0,0,0.0,NR,False,False
4,56973880000137,Brasileirisse,Gastronomia,ATIVO,2026-03-23 11:02:56,,0,0,0.0,NR,False,False
4,51122965000198,CVC,Serviços,ATIVO,2024-12-12 00:24:23,,0,0,0.0,NR,False,False
4,76381169000443,CVC,Lazer,ATIVO,2026-03-19 11:06:20,,0,0,0.0,NR,False,False
4,36613143000116,Celulares e Cia.,Eletrônicos,ATIVO,2026-03-20 17:29:31,,0,0,0.0,NR,False,False
4,28146213000145,Chilli Beans,Ótica,ATIVO,2024-12-12 00:24:23,,0,0,0.0,NR,False,False
4,40432544036508,Claro,Telefonia,ATIVO,2024-12-12 00:24:23,,0,0,0.0,NR,False,False
4,23681050000187,Estacionamento Norte Shopping,Não informado,ATIVO,2025-11-10 14:54:16,,0,0,0.0,NR,False,False
4,34285263000106,Fun Case,Eletrônicos,ATIVO,2024-12-12 00:24:23,,0,0,0.0,NR,False,False
4,49491050000108,H'Cel,Eletrônicos,ATIVO,2025-12-19 16:55:03,,0,0,0.0,NR,False,False
4,60393739000132,Jcel Eletrônicos,Telefonia,ATIVO,2025-09-01 16:45:39,,0,0,0.0,NR,False,False
4,02455036009656,MOTOROLA,Telefonia,ATIVO,2026-03-19 11:06:20,,0,0,0.0,NR,False,False
4,02455036009575,Motorola,Telefonia,ATIVO,2026-03-20 17:29:31,,0,0,0.0,NR,False,False
4,11023174016432,Pandora,Joalheria,ATIVO,2026-03-19 11:06:20,,0,0,0.0,NR,False,False
4,92665611000177,Panvel,Farmácias,ATIVO,2026-03-19 11:06:20,,0,0,0.0,NR,False,False
4,64127575000152,Sandaliaria Blumenau,Calçados,ATIVO,2026-03-19 14:47:34,,0,0,0.0,NR,False,False
4,61268451000107,TOUTI Blumenau,Beleza e Bem-estar,ATIVO,2025-07-28 16:53:52,,0,0,0.0,NR,False,False
4,42904620000286,Tech Smart,Eletrônicos,ATIVO,2024-12-12 00:24:23,,0,0,0.0,NR,False,False
4,08640305001494,Tim,Telefonia,ATIVO,2026-04-13 16:07:13,,0,0,0.0,NR,False,False
4,14440687001081,Vialaser,Beleza e Bem-estar,ATIVO,2026-02-27 14:30:10,,0,0,0.0,NR,False,False
4,53600121000130,Wow Park,Lazer,ATIVO,2026-03-24 11:33:15,,0,0,0.0,NR,False,False
5,88936323001880,Coliseu,Joalheria,ATIVO,2026-03-23 10:58:14,,4,3,12080.0,GS,True,False
5,49669856008128,Le Lis Blanc,Moda,ATIVO,2024-12-12 00:24:23,,4,3,11409.4,GS,True,False
5,92754738015356,Renner,Moda,ATIVO,2024-12-12 00:24:23,,38,34,8807.64,GS,True,False
5,02455036001833,Samsung,Eletrônicos,ATIVO,2024-12-12 00:24:23,,2,1,7296.0,GS,True,False
5,33200056038200,Riachuelo,Moda,ATIVO,2026-03-20 17:29:31,,28,27,6875.03,GS,True,False
5,06347409017998,Centauro,Esportes,ATIVO,2024-12-12 00:24:23,,14,10,6267.79,GS,True,False
5,52856984000100,Padrão,Moda,ATIVO,2026-03-20 17:29:31,,2,2,6018.9,GS,True,False
5,45242914023490,C&A,Moda,ATIVO,2024-12-12 00:24:23,,15,12,5377.67,GS,True,False
5,47276353000182,Bagaggio,Presentes e Acessórios,ATIVO,2025-11-12 14:34:06,,8,5,3168.41,GS,True,False
5,78876950008822,Hering,Moda,ATIVO,2025-03-04 18:34:57,,8,8,3114.87,GS,True,False
5,46708841017043,Polo Wear,Moda,ATIVO,2024-12-12 00:24:23,,4,2,2804.79,GS,True,False
5,43351097003105,Levi's,Moda,ATIVO,2026-03-20 17:29:31,,7,7,2682.98,GS,True,False
5,45524876000175,Plié,Moda,ATIVO,2024-12-12 00:24:23,,3,2,2609.9,GS,True,False
5,43411775000243,Calvin Klein,Moda,ATIVO,2026-03-20 17:29:31,,2,2,2554.0,GS,True,False
5,47100110010666,Brooksfield,Moda,ATIVO,2024-12-12 00:24:23,,2,2,2321.45,GS,True,False
5,11123040000147,Dona Torta,Gastronomia,ATIVO,2025-01-23 10:44:36,,40,24,2261.25,GS,True,False
5,13783221006590,Madero,Gastronomia,ATIVO,2025-01-23 10:41:45,,14,11,2243.71,GS,True,False
5,17261661016509,Outback Steakhouse,Gastronomia,ATIVO,2025-02-18 13:37:11,,11,11,2220.54,GS,True,False
5,09611669015892,Farm,Moda Feminina,ATIVO,2025-01-19 11:27:52,,2,2,2146.0,GS,True,False
5,01167639004035,Beagle,Moda,ATIVO,2024-12-12 00:24:23,,8,8,2103.99,GS,True,False
5,14700584000112,Track&Field,Moda,ATIVO,2024-12-12 00:24:23,,3,3,1947.8,GS,True,False
5,04657129001957,JCanedo,Moda,ATIVO,2026-03-20 17:29:31,,3,2,1913.29,GS,True,False
5,58066522000176,HOPE Moda íntima,Moda Feminina,ATIVO,2026-03-23 10:49:48,,5,5,1782.13,GS,True,False
5,33977757000199,Lupo,Moda,ATIVO,2026-01-26 17:38:08,,7,7,1715.9,GS,True,False
5,79065181002995,Livrarias Curitiba,Livrarias,ATIVO,2024-12-12 00:24:23,,24,23,1698.71,GS,True,False
5,57989880000198,Mamma Mia,Gastronomia,ATIVO,2026-03-23 10:49:24,,7,6,1670.2,GS,True,False
5,08718972001442,Leo Cosméticos,Beleza e Bem-estar,ATIVO,2025-12-03 17:15:50,,21,19,1669.48,GS,True,False
5,48812567000199,VIRUS 41,Calçados,ATIVO,2025-01-21 14:02:26,,4,3,1667.83,GS,True,False
5,08743025009810,Granado Phamácias,Farmácias,ATIVO,2025-01-21 11:28:00,,7,7,1661.0,GS,True,False
5,33200056050243,Carter's,Infantil,ATIVO,2025-03-08 12:09:08,,6,5,1559.9,GS,True,False
5,46227794000121,Idéli Oui,Beleza e Bem-estar,ATIVO,2024-12-12 00:24:23,,5,5,1551.9,GS,True,False
5,51940460000130,KFC,Gastronomia,ATIVO,2025-01-23 10:46:29,,7,7,1539.7,GS,True,False
5,01687411000674,Chuá Brand,Moda,ATIVO,2024-12-12 00:24:24,,2,1,1495.6,GS,True,False
5,43470566009650,Shoulder,Moda Feminina,ATIVO,2024-12-12 00:24:23,,2,2,1398.0,GS,True,False
5,83569624002871,Pittol,Calçados,ATIVO,2025-01-21 13:37:04,,8,8,1293.0,GS,True,False
5,92665611028691,Panvel Farmácias,Farmácias,ATIVO,2026-03-20 17:29:31,,14,11,1289.89,GS,True,False
5,03733595006032,Superlegal,Infantil,ATIVO,2025-01-21 13:51:15,,9,8,1237.87,GS,True,False
5,20702154007226,Lindt,Gastronomia,ATIVO,2025-07-22 14:55:10,,11,9,1224.24,GS,True,False
5,43283811009025,Kalunga,Papelaria,ATIVO,2025-01-19 14:11:29,,19,16,1177.04,GS,True,False
5,48911062000505,Democrata,Calçados,ATIVO,2026-03-23 10:55:37,,3,2,1098.6,GS,True,False
5,59321504000407,SAINT GERMAIN STORE,Joalheria,ATIVO,2026-03-31 15:08:51,,2,2,1089.6,GS,True,False
5,16445053000156,Feng Cheng,Gastronomia,ATIVO,2025-03-10 13:29:35,,17,14,1047.68,GS,True,False
5,84453844044045,Life Vivara,Joalheria,ATIVO,2024-12-12 00:24:23,,1,1,970.0,GS,True,False
5,26164216000186,General Lyy,Moda,ATIVO,2024-12-12 00:24:23,,1,1,969.97,GS,True,False
5,58731662017600,Ri Happy,Infantil,ATIVO,2024-12-12 00:24:23,,7,5,964.89,GS,True,False
5,62800563000111,Criamigos,Presentes e Acessórios,ATIVO,2025-10-10 14:27:31,,4,3,943.0,GS,True,False
5,39264947000307,O Boticário,Beleza e Bem-estar,ATIVO,2024-12-12 00:24:23,,8,8,906.11,GS,True,False
5,46410695000180,OJO Sol & Grau,Ótica,ATIVO,2026-01-02 15:57:39,,1,1,891.0,GS,True,False
5,06269953002775,Calçados Pegada,Calçados,ATIVO,2025-09-10 14:16:37,,2,2,872.38,GS,True,False
5,29100635000223,Bibi Calçados,Calçados,ATIVO,2024-12-13 14:48:26,,4,4,841.55,GS,True,False
5,26445944000751,Pop Me,Moda,ATIVO,2026-03-31 15:15:25,,5,5,838.2,GS,True,False
5,43199852000162,ADCOS,Beleza e Bem-estar,ATIVO,2026-01-23 11:04:24,,3,3,837.4,GS,True,False
5,04416821000164,Pratafina,Presentes e Acessórios,ATIVO,2024-12-12 00:24:23,,5,5,795.0,GS,True,False
5,11406708000163,Mini Kalzone,Gastronomia,ATIVO,2025-01-23 11:00:41,,31,18,783.0,GS,True,False
5,48843062000191,Café Cultura,Gastronomia,ATIVO,2025-11-24 10:00:55,,16,11,739.01,GS,True,False
5,62435026000110,Anacapri,Calçados Femininos,ATIVO,2025-11-12 16:49:52,,4,4,730.6,GS,True,False
5,49237775000174,Natura,Beleza e Bem-estar,ATIVO,2025-01-23 18:02:34,,5,4,711.44,GS,True,False
5,17574231006819,Youcom,Moda,ATIVO,2024-12-12 00:24:23,,4,4,681.36,GS,True,False
5,55429541000202,Stanley,Presentes e Acessórios,ATIVO,2024-12-12 00:24:24,,2,2,668.0,GS,True,False
5,30296846000181,Reserva,Moda,ATIVO,2024-12-12 00:24:23,,3,3,667.1,GS,True,False
5,29735143000123,Wepink,Não informado,ATIVO,2025-11-14 14:25:41,,5,4,650.2,GS,True,False
5,59394900000103,LUZ DA LUA,Calçados,ATIVO,2025-05-12 11:58:06,,1,1,599.9,GS,True,False
5,49398040000122,Morana Acessórios,Presentes e Acessórios,ATIVO,2026-03-20 17:29:31,,2,2,518.6,GS,True,False
5,56008268000124,CANTINA MATTERELLO RESTAURANTE E PASTELARIA,Gastronomia,ATIVO,2024-12-12 00:24:24,,12,8,503.59,GS,True,False
5,03366550000389,Manly,Moda Feminina,ATIVO,2026-01-14 11:34:52,,2,2,494.9,GS,True,False
5,45048678000182,Casa Bauducco,Gastronomia,ATIVO,2025-01-21 18:07:26,,10,6,469.0,GS,True,False
5,08290847000160,Valenttina,Moda,ATIVO,2024-12-12 00:24:23,,5,4,451.9,GS,True,False
5,53943371000173,Wow Park,Infantil,ATIVO,2026-03-20 17:29:31,,1,1,420.0,GS,True,False
5,83729004000809,Damyller,Moda,ATIVO,2026-03-16 14:38:50,,1,1,399.0,GS,True,False
5,45255246000223,Chilli Beans,Ótica,ATIVO,2026-03-23 10:58:35,,1,1,386.94,GS,True,False
5,49961545006275,Paquetá Esportes,Esportes,ATIVO,2026-03-20 17:29:31,,3,3,379.97,GS,True,False
5,00391152000243,Purpurata,Presentes e Acessórios,ATIVO,2025-03-13 19:39:52,,2,2,379.7,GS,True,False
5,04405428003190,Inovathi Acessórios,Presentes e Acessórios,ATIVO,2024-12-12 00:24:23,,1,1,369.99,GS,True,False
5,11817447000174,Subway,Gastronomia,ATIVO,2025-01-23 11:05:14,,10,7,361.2,GS,True,False
5,35307083000140,Montana Grill,Gastronomia,ATIVO,2026-03-20 17:29:31,,4,3,344.7,GS,True,False
5,60245324000111,Metroville Prime Grill,Gastronomia,ATIVO,2026-03-20 17:29:31,,5,5,313.97,GS,True,False
5,48064130000114,Milky Moo,Gastronomia,ATIVO,2026-03-27 17:26:10,,10,3,308.0,GS,True,False
5,59273485000130,Gelato Borelli,Gastronomia - Sorvetes,ATIVO,2025-05-30 12:27:17,,5,5,299.57,GS,True,False
5,47960950124289,Magazine Luiza,Eletrodomésticos,ATIVO,2026-03-23 10:00:06,,2,1,298.9,GS,True,False
5,49745279000121,Swell Poke,Gastronomia,ATIVO,2025-01-23 11:05:33,,3,2,292.0,GS,True,False
5,53671208000107,Kib´s,Kids,ATIVO,2026-03-20 17:29:31,,5,5,287.25,GS,True,False
5,15425654003826,Cotton On,Moda,ATIVO,2026-03-19 15:52:14,,3,3,269.8,GS,True,False
5,58157117000163,Jah Açaí Joinville,Gastronomia - Sorvetes,ATIVO,2025-01-19 10:28:28,,9,5,259.61,GS,True,False
5,60118590000183,Freddo,Gastronomia,ATIVO,2026-03-20 17:29:31,,6,5,252.0,GS,True,False
5,33141620001503,Makenji,Moda,ATIVO,2026-03-20 17:29:31,,2,2,241.91,GS,True,False
5,16868517000137,Havaianas,Calçados,ATIVO,2025-01-31 18:24:30,,2,2,227.97,GS,True,False
5,11377588000385,Burger King,Gastronomia,ATIVO,2025-01-23 10:43:16,,4,2,194.4,GS,True,False
5,39400857000134,Grano Pasta Ristorante,Gastronomia,ATIVO,2025-01-23 10:46:04,,5,5,175.5,GS,True,False
5,52254982000141,Shawarma Food Joinville,Gastronomia,ATIVO,2025-01-21 18:43:38,,2,2,174.6,GS,True,False
5,45541792000140,Mundo Di Chocolate,Gastronomia,ATIVO,2026-03-20 17:29:31,,2,2,154.6,GS,True,False
5,53372883000127,Chiquinho Sorvetes,Gastronomia - Sorvetes,ATIVO,2025-01-21 14:38:30,,5,2,83.0,GS,True,False
5,57705797000140,Griletto,Gastronomia - Restaurante,ATIVO,2025-02-04 11:02:06,,2,2,68.9,GS,True,False
5,39530518000172,Arezzo,Calçados,ATIVO,2024-12-12 00:24:23,,1,1,59.9,GS,True,False
5,48133012000110,Fini,Gastronomia,ATIVO,2025-01-23 10:45:11,,1,1,30.21,GS,True,False
5,28129538000381,Tennis Place,Calçados,ATIVO,2025-01-21 18:52:31,,1,1,1.03,GS,True,False
5,13334184000178,AJFans Garten,Promocional,ATIVO,2026-03-23 11:52:23,,0,0,0.0,GS,False,False
5,57987840000107,Acium,Presentes e Acessórios,ATIVO,2026-03-19 16:06:03,,0,0,0.0,GS,False,False
5,54067511000150,Aramis Menswear,Moda,ATIVO,2026-03-19 16:07:08,,0,0,0.0,GS,False,False
5,37101639000173,Arranjos Express,Serviços,ATIVO,2025-11-24 10:39:23,,0,0,0.0,GS,False,False
5,50857925000121,Audithorium,Moda,ATIVO,2024-12-12 00:24:23,,0,0,0.0,GS,False,False
5,55261114000187,Baummer Semijóias,Presentes e Acessórios,ATIVO,2026-03-20 17:29:31,,0,0,0.0,GS,False,False
5,76535111003775,Bergerson,Joalheria,ATIVO,2025-09-11 10:24:50,,0,0,0.0,GS,False,False
5,36759335000135,Botoclinic,Beleza e Bem-estar,ATIVO,2026-03-31 15:10:42,,0,0,0.0,GS,False,False
5,55403656000147,Buddha SPA,Beleza e Bem-estar,ATIVO,2026-03-20 17:29:31,,0,0,0.0,GS,False,False
5,55159247000490,Bull Prime Steak House,Gastronomia,ATIVO,2026-03-31 15:11:52,,0,0,0.0,GS,False,False
5,51233308000118,CAPA FINA,Telefonia,ATIVO,2025-01-21 14:20:02,,0,0,0.0,GS,False,False
5,22349423000154,CVC,Serviços,ATIVO,2024-12-12 00:24:23,,0,0,0.0,GS,False,False
5,33654423000184,Cacau Show,Gastronomia,ATIVO,2026-03-23 10:59:25,,0,0,0.0,GS,False,False
5,09235275000340,Car Clinic,Lavação Automotiva,ATIVO,2025-01-19 11:33:45,,0,0,0.0,GS,False,False
5,33200056000149,Casa Riachuelo,Casa e Decoração,ATIVO,2024-12-12 00:24:23,,0,0,0.0,GS,False,False
5,24785296000161,Chaveiros Colin,Serviços,ATIVO,2024-12-12 00:24:23,,0,0,0.0,GS,False,False
5,59260861000151,Cia da Saúde,Outros,ATIVO,2025-09-05 18:09:14,,0,0,0.0,GS,False,False
5,27759269001427,Cidadania Já,Serviços,ATIVO,2026-03-31 15:16:23,,0,0,0.0,GS,False,False
5,05949641007113,Claro,Telefonia,ATIVO,2026-03-20 17:29:31,,0,0,0.0,GS,False,False
5,63334706000100,Conecta Store,Eletrônicos,ATIVO,2026-03-27 17:19:35,,0,0,0.0,GS,False,False
5,51203410000170,Crocs,Calçados,ATIVO,2026-03-20 17:29:31,,0,0,0.0,GS,False,False
5,39851186000128,Damay Cafeteria,Gastronomia,ATIVO,2026-03-23 10:58:01,,0,0,0.0,GS,False,False
5,54665649000150,Digital Duo,Eletrônicos,ATIVO,2026-03-23 09:59:46,,0,0,0.0,GS,False,False
5,52580104000540,Divert Park,Infantil,ATIVO,2026-03-19 15:56:13,,0,0,0.0,GS,False,False
5,61038361000111,Duplicado*,Moda,ATIVO,2026-03-31 15:12:57,,0,0,0.0,GS,False,False
5,39566766000173,Empório Sabores do Mundo,Gastronomia,ATIVO,2026-03-19 11:06:20,,0,0,0.0,GS,False,False
5,55171759000129,Fg Smart,Supermercado,ATIVO,2026-03-27 15:05:21,,0,0,0.0,GS,False,False
5,47682705000108,Fun Case,Telefonia,ATIVO,2026-03-31 15:14:06,,0,0,0.0,GS,False,False
5,34619209000150,Fun Photos,Lazer,ATIVO,2026-03-27 15:06:18,,0,0,0.0,GS,False,False
5,10257908000210,Garten Shopping - Estacionamento,Serviços,ATIVO,2026-03-20 09:48:09,,0,0,0.0,GS,False,False
5,24999384000166,Garten Shopping Estacionamento II,Serviços,ATIVO,2026-03-20 09:53:41,,0,0,0.0,GS,False,False
5,65056824000129,Giardino,Gastronomia,ATIVO,2026-03-19 16:46:10,,0,0,0.0,GS,False,False
5,94087921001825,Gnc Joinville Garten,Lazer,ATIVO,2026-03-20 17:29:31,,0,0,0.0,GS,False,False
5,05612076000272,Jack Simonéia Garten,Salão de Beleza | Barbearia,ATIVO,2026-03-20 17:29:31,,0,0,0.0,GS,False,False
5,46403431000108,Kings Sneakers,Moda,ATIVO,2026-03-31 15:17:10,,0,0,0.0,GS,False,False
5,01512104028409,L'occitane Au Brasil,Beleza e Bem-estar,ATIVO,2026-03-20 17:29:31,,0,0,0.0,GS,False,False
5,35303139003457,Live!,Moda,ATIVO,2026-03-20 17:29:31,,0,0,0.0,GS,False,False
5,47318667000109,Loterica Garten,Serviços,ATIVO,2025-05-19 09:16:53,,0,0,0.0,GS,False,False
5,10967749001219,Luiza Barcelos,Calçados,ATIVO,2026-03-20 17:29:31,,0,0,0.0,GS,False,False
5,07719288001412,Maze Skate,Moda,ATIVO,2026-03-20 17:29:31,,0,0,0.0,GS,False,False
5,61529598000103,Milon,Infantil,ATIVO,2025-09-10 14:19:50,,0,0,0.0,GS,False,False
5,52226880000112,NOHA SHOES,Calçados,ATIVO,2026-01-28 19:55:52,,0,0,0.0,GS,False,False
5,52502883000131,Nutty Bavarian,Gastronomia,ATIVO,2025-01-23 11:02:18,,0,0,0.0,GS,False,False
5,20903782000267,Officina do Celular,Eletrônicos,ATIVO,2025-05-30 11:47:30,,0,0,0.0,GS,False,False
5,10872187001149,Ophicina,Moda,ATIVO,2026-03-23 10:49:07,,0,0,0.0,GS,False,False
5,92665611000177,PANVEL,Farmácias,ATIVO,2026-03-19 11:06:20,,0,0,0.0,GS,False,False
5,11023174014731,Pandora,Joalheria,ATIVO,2025-02-24 11:14:11,,0,0,0.0,GS,False,False
5,60365344000126,Piastrini Joinville - Optica Machota,Ótica e Joalheria,ATIVO,2026-03-20 17:29:31,,0,0,0.0,GS,False,False
5,27644793000138,Rochelli Calçados,Calçados,ATIVO,2024-12-12 00:24:23,,0,0,0.0,GS,False,False
5,40711275000158,St. Chicken,Gastronomia,ATIVO,2026-03-20 17:29:31,,0,0,0.0,GS,False,False
5,02421421007205,TIM,Telefonia,ATIVO,2026-03-23 10:48:07,,0,0,0.0,GS,False,False
5,53966834000112,TNG,Moda,ATIVO,2026-03-19 16:35:16,,0,0,0.0,GS,False,False
5,54329494000181,Tabacaria E Presentes Trevo,Serviços,ATIVO,2025-01-21 18:49:05,,0,0,0.0,GS,False,False
5,31179881000183,Trem Bala,Gastronomia,ATIVO,2026-03-20 17:29:31,,0,0,0.0,GS,False,False
5,22873513000140,Uplay Fitness,Serviços,ATIVO,2024-12-12 00:24:23,,0,0,0.0,GS,False,False
5,00308055004827,Vivo,Telefonia,ATIVO,2026-03-20 17:29:31,,0,0,0.0,GS,False,False
5,60068895000128,World Tennis,Calçados,ATIVO,2025-11-07 15:57:12,,0,0,0.0,GS,False,False
5,44431520000205,Ótica Chilli Beans,Ótica,ATIVO,2026-03-20 17:29:31,,0,0,0.0,GS,False,False
5,50190098000165,Óticas Via Visão,Ótica,ATIVO,2024-12-12 00:24:23,,0,0,0.0,GS,False,False
6,92754738036191,Renner,Moda,ATIVO,2024-12-12 00:24:25,,45,39,12928.52,NS,True,False
6,34134052000172,Las Leñas Parrilla Uruguaya,Gastronomia,ATIVO,2024-12-12 00:24:25,,35,4,12153.9,NS,True,False
6,79653119001004,Lança Perfume,Moda,ATIVO,2026-03-20 17:29:31,,3,3,9835.5,NS,True,False
6,62205425000194,Aramis,Moda,ATIVO,2025-12-09 13:55:42,,6,5,6397.71,NS,True,False
6,57185384000181,Essence Parfums,Beleza e Bem-estar,ATIVO,2025-05-13 20:54:50,,3,3,6378.81,NS,True,False
6,45242914041987,C&A,Moda,ATIVO,2026-03-20 17:29:31,,20,19,6362.33,NS,True,False
6,06347409034221,Centauro,Esportes,ATIVO,2024-12-12 00:24:25,,13,12,6247.74,NS,True,False
6,33200056044359,Riachuelo,Moda,ATIVO,2024-12-12 00:24:25,,28,25,5855.28,NS,True,False
6,41598358000307,Békko,Moda,ATIVO,2026-03-20 17:29:31,,4,4,4127.7,NS,True,False
6,24917980000150,Luz da Lua,Calçados Femininos,ATIVO,2024-12-12 00:24:25,,4,3,4038.5,NS,True,False
6,84453844035305,Vivara,Joalheria,ATIVO,2024-12-12 00:24:25,,3,3,3982.08,NS,True,False
6,51321247000140,Kings,Moda,ATIVO,2026-02-19 16:23:11,,1,1,3649.0,NS,True,False
6,72305295001278,Ritmi Studio,Moda Feminina,ATIVO,2025-11-25 13:35:47,,9,9,2715.0,NS,True,False
6,83569624001719,Pittol,Calçados,ATIVO,2024-12-12 00:24:25,,9,8,2712.93,NS,True,False
6,53153938013943,Cobasi,Pets,ATIVO,2024-12-12 00:24:25,,14,12,2501.2,NS,True,False
6,33453183000150,Strutura,Moda,ATIVO,2026-02-23 10:11:19,,5,3,2419.83,NS,True,False
6,60491000000163,Wepink,Beleza e Bem-estar,ATIVO,2025-10-28 15:25:28,,21,6,2342.9,NS,True,False
6,30782886000133,Arezzo,Calçados,ATIVO,2024-12-12 00:24:25,,5,5,2329.58,NS,True,False
6,35146704000151,Avatim,Beleza e Bem-estar,ATIVO,2026-03-06 09:54:29,,16,13,2224.0,NS,True,False
6,83729004014869,Damyller,Moda,ATIVO,2024-12-12 00:24:25,,3,3,2154.0,NS,True,False
6,61654310000114,Crocs,Calçados,ATIVO,2025-10-28 15:20:17,,4,4,1726.88,NS,True,False
6,50691031000295,Acuo,Moda,ATIVO,2026-03-20 17:29:31,,4,3,1466.16,NS,True,False
6,17574231006657,Youcom,Moda,ATIVO,2024-12-12 00:24:25,,5,5,1370.32,NS,True,False
6,58094796000179,Cacau Show,Gastronomia,ATIVO,2025-05-13 20:54:43,,8,7,1308.85,NS,True,False
6,54530997000110,Fátima Esportes,Esportes,ATIVO,2025-09-24 09:07:39,,5,5,1227.15,NS,True,False
6,79065181004009,Livraria Catarinense,Livrarias,ATIVO,2025-01-24 14:43:00,,22,20,1129.12,NS,True,False
6,54311968000168,Adcos,Beleza e Bem-estar,ATIVO,2026-03-09 11:32:06,,2,2,1105.45,NS,True,False
6,11023174014650,Pandora,Joalheria,ATIVO,2024-12-12 00:24:25,,1,1,1009.0,NS,True,False
6,30262219000120,Fátima Criança,Infantil,ATIVO,2024-12-12 00:24:25,,5,4,1005.6,NS,True,False
6,39431701000110,JAH Açaí,Gastronomia,ATIVO,2024-12-12 00:24:25,,27,5,990.26,NS,True,False
6,52744974000183,Hope Nacoes Shopping,Outros,ATIVO,2026-03-20 17:29:31,,4,4,934.0,NS,True,False
6,21541611000117,Colcci,Moda,ATIVO,2024-12-12 00:24:25,,6,5,930.0,NS,True,False
6,48643676000120,z SH JOIAS,Presentes e Acessórios,ATIVO,2026-03-20 17:29:31,,1,1,888.0,NS,True,False
6,46708841017477,Polo Wear,Moda,ATIVO,2026-03-20 17:29:31,,3,2,858.94,NS,True,False
6,32560217000223,BelShop,Beleza e Bem-estar,ATIVO,2025-10-09 14:19:14,,9,7,842.69,NS,True,False
6,75400218002500,Cassol Centerlar,Casa e Decoração,ATIVO,2024-12-12 00:24:25,,4,3,780.0,NS,True,False
6,05895565000106,Tokaia,Moda,ATIVO,2024-12-12 00:24:25,,1,1,668.0,NS,True,False
6,63075248000131,Royal Trudel,Gastronomia,ATIVO,2026-04-09 14:07:26,,12,10,652.52,NS,True,False
6,92665611044387,Panvel Farmácias,Farmácias,ATIVO,2024-12-12 00:24:25,,8,7,618.71,NS,True,False
6,25391813000180,Santo Boteco,Gastronomia,ATIVO,2024-12-12 00:24:25,,4,4,598.48,NS,True,False
6,34912793000307,Empório Du Homem,Moda,ATIVO,2026-03-20 17:29:31,,1,1,564.9,NS,True,False
6,24149753000121,Mini Kalzone,Gastronomia,ATIVO,2024-12-12 00:24:25,,23,18,561.1,NS,True,False
6,10713910000175,Lupo,Moda,ATIVO,2024-12-12 00:24:25,,5,5,551.0,NS,True,False
6,47276532000110,Bagaggio,Presentes e Acessórios,ATIVO,2026-03-20 17:29:31,,1,1,539.8,NS,True,False
6,01167639006402,Beagle,Moda,ATIVO,2024-12-12 00:24:25,,2,2,519.89,NS,True,False
6,58891504013379,z Kfc,Gastronomia,ATIVO,2026-03-20 17:29:31,,6,5,483.7,NS,True,False
6,03002339014507,Camicado,Casa e Decoração,ATIVO,2024-12-12 00:24:25,,2,2,479.95,NS,True,False
6,11377588005344,Burger King,Gastronomia,ATIVO,2024-12-12 00:24:25,,7,6,463.2,NS,True,False
6,39669835000174,Lug's,Gastronomia,ATIVO,2024-12-12 00:24:25,,6,6,432.35,NS,True,False
6,57136139000184,Chilli Beans,Ótica,ATIVO,2026-03-20 17:29:31,,2,1,429.98,NS,True,False
6,52435899000179,Dudalina,Moda,ATIVO,2024-12-12 00:24:25,,1,1,399.9,NS,True,False
6,37041113000226,Villa,Moda,ATIVO,2025-05-06 16:46:49,,1,1,399.9,NS,True,False
6,40711275000239,St.Chicken,Gastronomia,ATIVO,2024-12-12 00:24:25,,6,6,334.9,NS,True,False
6,35303139003538,Live!,Moda,ATIVO,2026-03-06 16:24:33,,1,1,329.9,NS,True,False
6,58909981000174,Kopenhagen,Não informado,ATIVO,2026-03-20 17:29:31,,9,6,324.04,NS,True,False
6,10872187000843,Ophicina Foot Wear,Não informado,ATIVO,2026-03-20 17:29:31,,1,1,319.99,NS,True,False
6,08796020000122,Uebel Make Up,Beleza e Bem-estar,ATIVO,2026-03-20 17:29:31,,4,4,309.48,NS,True,False
6,17261661021332,Outback SteakHouse,Gastronomia,ATIVO,2025-03-21 13:50:18,,4,4,290.76,NS,True,False
6,50583218000194,Griletto,Gastronomia,ATIVO,2026-03-20 17:29:31,,4,2,258.1,NS,True,False
6,43757406000126,Fábrica Di Chocolate,Gastronomia,ATIVO,2024-12-12 00:24:25,,7,1,255.11,NS,True,False
6,11023142000190,Fátima Papelaria,Papelaria,ATIVO,2024-12-12 00:24:25,,2,2,255.0,NS,True,False
6,05918619006800,Casa Maria,Casa e Decoração,ATIVO,2025-05-29 14:06:50,,4,4,229.88,NS,True,False
6,35235219000154,Camarão Express,Gastronomia,ATIVO,2026-03-20 17:29:31,,4,4,228.7,NS,True,False
6,46896233000115,Cantinho Grill,Gastronomia,ATIVO,2024-12-12 00:24:25,,2,2,183.6,NS,True,False
6,37020838000157,Donna Mirô,Gastronomia,ATIVO,2024-12-12 00:24:25,,4,4,169.15,NS,True,False
6,52003898000406,Tigre Maníacos,Esportes,ATIVO,2026-03-20 17:29:31,,1,1,159.99,NS,True,False
6,30262219000200,Fátima Bebê,Infantil,ATIVO,2024-12-12 00:24:25,,1,1,148.0,NS,True,False
6,47582836000105,Reserva Nacoes Shopping,Moda,ATIVO,2026-03-20 17:29:31,,1,1,129.0,NS,True,False
6,50257154000131,Panda Sushi,Gastronomia,ATIVO,2026-03-20 17:29:31,,3,3,128.03,NS,True,False
6,61106368000123,Officina Gelatiera,Gastronomia,ATIVO,2026-03-23 10:00:44,,4,3,123.75,NS,True,False
6,00776574161087,Americanas,Eletrodomésticos,ATIVO,2026-03-25 14:08:45,,5,4,108.09,NS,True,False
6,24316506000172,Chef's & Fritas,Gastronomia,ATIVO,2026-02-19 16:29:03,,1,1,108.0,NS,True,False
6,35509912000259,Havaianas,Calçados,ATIVO,2026-02-19 16:18:51,,1,1,99.99,NS,True,False
6,50689531000101,Natura,Beleza e Bem-estar,ATIVO,2024-12-12 00:24:25,,1,1,93.9,NS,True,False
6,94087921002040,Gnc Cinemas,Lazer,ATIVO,2026-03-20 17:29:31,,1,1,91.0,NS,True,False
6,41835278000166,Via Pian Food,Gastronomia,ATIVO,2024-12-12 00:24:25,,1,1,84.98,NS,True,False
6,62933990000178,Milky Moo - Quiosque,Gastronomia,ATIVO,2026-03-19 14:13:06,,3,2,82.0,NS,True,False
6,58731662012632,Ri Happy,Infantil,ATIVO,2026-03-25 15:36:40,,1,1,79.91,NS,True,False
6,20553615000152,Fini,Gastronomia,ATIVO,2024-12-12 00:24:25,,2,2,78.86,NS,True,False
6,48843215000109,Kitsu Box,Gastronomia,ATIVO,2025-09-10 16:15:50,,1,1,77.0,NS,True,False
6,13350736000301,Gio Gelato Sorveteria Italiana Artesanal,Não informado,ATIVO,2026-03-20 17:29:31,,1,1,49.9,NS,True,False
6,43758381000185,Subway,Gastronomia,ATIVO,2026-03-20 17:29:31,,1,1,47.4,NS,True,False
6,54679548000139,Milkymoo,Gastronomia - Sorvetes,ATIVO,2026-03-20 17:29:31,,1,1,44.0,NS,True,False
6,60051971000192,Big Jack Cervejaria,Gastronomia,ATIVO,2026-03-06 15:52:24,,1,1,19.0,NS,True,False
6,24348212000122,z Bob's - Quiosque 2,Gastronomia,ATIVO,2026-03-20 17:29:31,,1,1,19.0,NS,True,False
6,24012111000186,Le Charbon Crepes e Café,Gastronomia,ATIVO,2024-12-12 00:24:25,,1,1,11.0,NS,True,False
6,25175433000109,AJFans Nações,Promocional,ATIVO,2026-03-23 11:50:07,,0,0,0.0,NS,False,False
6,50878192000101,Antonio's Boliche,Lazer,ATIVO,2026-03-24 17:07:04,,0,0,0.0,NS,False,False
6,28764122000173,Baummer,Joalheria,ATIVO,2024-12-12 00:24:25,,0,0,0.0,NS,False,False
6,50906474000175,Café Cultura,Gastronomia,ATIVO,2026-03-24 17:14:08,,0,0,0.0,NS,False,False
6,39875207000145,Calvin Klein e Tommy Hilfiger,Moda,ATIVO,2025-02-05 16:59:37,,0,0,0.0,NS,False,False
6,20477705000373,Cases e Capas,Presentes e Acessórios,ATIVO,2026-03-20 17:29:31,,0,0,0.0,NS,False,False
6,49039419000146,Chope do Mestre,Gastronomia,ATIVO,2026-03-20 17:29:31,,0,0,0.0,NS,False,False
6,13199605000286,Don Pettine,Salão de Beleza | Barbearia,ATIVO,2024-12-12 00:24:25,,0,0,0.0,NS,False,False
6,26585335000102,Drive Kids,Lazer,ATIVO,2024-12-12 00:24:25,,0,0,0.0,NS,False,False
6,36188244000197,Engenharia do Corpo Academia,Serviços,ATIVO,2025-02-19 08:21:19,,0,0,0.0,NS,False,False
6,08845676037784,Espaço Laser,Beleza e Bem-estar,ATIVO,2026-02-27 16:45:11,,0,0,0.0,NS,False,False
6,24786077000105,Estacionamento - Nações Shopping,Serviços,ATIVO,2026-01-26 10:16:05,,0,0,0.0,NS,False,False
6,32122105000100,Extreme Kart,Lazer,ATIVO,2024-12-12 00:24:25,,0,0,0.0,NS,False,False
6,09611669018050,Farm,Moda,ATIVO,2025-11-26 14:55:21,,0,0,0.0,NS,False,False
6,27415763000150,Geror,Ótica,ATIVO,2025-11-25 11:35:45,,0,0,0.0,NS,False,False
6,13257648014301,GrandVision by Fototica,Ótica,ATIVO,2026-03-24 16:22:36,,0,0,0.0,NS,False,False
6,48094086000195,H2O Car Wash,Serviços,ATIVO,2026-03-24 15:16:25,,0,0,0.0,NS,False,False
6,62211969000169,Inspire Predrarias,Joalheria,ATIVO,2025-11-24 17:22:40,,0,0,0.0,NS,False,False
6,33647517000207,KStore Acessórios,Presentes e Acessórios,ATIVO,2026-03-20 17:29:31,,0,0,0.0,NS,False,False
6,31720333000380,Livre Mix,Joalheria,ATIVO,2024-12-12 00:24:25,,0,0,0.0,NS,False,False
6,57067731000171,Mamma Mia Galeto,Gastronomia,ATIVO,2026-03-20 17:29:31,,0,0,0.0,NS,False,False
6,54758486000150,Mar de Maria,Moda,ATIVO,2026-03-20 17:29:31,,0,0,0.0,NS,False,False
6,05571901000238,Maxmuscle,Esportes,ATIVO,2026-03-20 17:29:31,,0,0,0.0,NS,False,False
6,01477466000650,McDonald's,Gastronomia,ATIVO,2026-03-25 14:32:41,,0,0,0.0,NS,False,False
6,13393158003993,Me Linda,Beleza e Bem-estar,ATIVO,2026-03-24 15:04:02,,0,0,0.0,NS,False,False
6,59846541000188,Mundo Geek,Outros,ATIVO,2026-03-19 11:06:20,,0,0,0.0,NS,False,False
6,20540181000156,Nações Shopping Estacionamento,Não informado,ATIVO,2026-03-20 17:29:31,,0,0,0.0,NS,False,False
6,20540181000318,Nações Shopping Estacionamento II,Serviços,ATIVO,2026-03-20 09:21:23,,0,0,0.0,NS,False,False
6,39264947000307,O Boticário,Beleza e Bem-estar,ATIVO,2026-03-25 15:32:21,,0,0,0.0,NS,False,False
6,37283459000150,Ortobom,Casa e Decoração,ATIVO,2026-03-23 10:44:35,,0,0,0.0,NS,False,False
6,52251355000157,Panda Café & Chá Mix,Gastronomia,ATIVO,2024-12-12 00:24:25,,0,0,0.0,NS,False,False
6,43068728000168,Planet Games,Lazer,ATIVO,2024-12-12 00:24:25,,0,0,0.0,NS,False,False
6,56294063000403,Provin Jóias,Não informado,ATIVO,2026-03-20 17:29:31,,0,0,0.0,NS,False,False
6,02455036003534,Samsung,Eletrônicos,ATIVO,2024-12-12 00:24:25,,0,0,0.0,NS,False,False
6,57188074000110,Sapataria do Futuro,Serviços,ATIVO,2025-10-28 16:52:19,,0,0,0.0,NS,False,False
6,60937194000188,Smartcase,Eletrônicos,ATIVO,2026-03-19 11:06:20,,0,0,0.0,NS,False,False
6,34216722000108,Tabacaria El Patrono,Presentes e Acessórios,ATIVO,2026-03-20 17:29:31,,0,0,0.0,NS,False,False
6,14440687000786,Vialaser,Beleza e Bem-estar,ATIVO,2026-03-25 15:46:15,,0,0,0.0,NS,False,False
6,57957829001257,Vivo,Telefonia,ATIVO,2026-03-19 11:06:20,,0,0,0.0,NS,False,False
6,51209371000119,Vortex Viagens,Serviços,ATIVO,2026-03-24 14:28:46,,0,0,0.0,NS,False,False
6,59937950000190,Vortex Vistos,Serviços,ATIVO,2025-05-13 13:55:48,,0,0,0.0,NS,False,False
6,42463081000106,World Tennis,Calçados,ATIVO,2024-12-12 00:24:25,,0,0,0.0,NS,False,False
6,55653736000231,Yan Eletroeletrônicos,Eletrônicos,ATIVO,2025-11-24 17:23:50,,0,0,0.0,NS,False,False
6,57175237000120,Ótica Chilli Beans,Ótica,ATIVO,2026-04-08 11:33:30,,0,0,0.0,NS,False,False
